identi,id,sizenum,v,u,T,J,X1,X2
1,1,12,4.4786843056387,5.83456611297002,4.97204046748851,1,0,-0.334705578
1,2,12,13.9791834925726,Inf,Inf,0,0,-0.238708586
1,3,12,13.917705671888,Inf,Inf,0,0,-0.136961929
1,4,12,6.7079606150254,7.26791652948279,6.83871408643801,1,1,-0.043072981
1,5,12,13.7703853199986,Inf,Inf,0,1,0.0740702296607196
1,6,12,13.7994612531302,Inf,Inf,0,0,0.17935722344555
1,7,12,5.67983662788023,7.84480450181925,5.75599806678308,1,1,0.385725573869422
1,8,12,13.8338352409061,Inf,Inf,0,0,-0.165927264
1,9,12,12.8847619104688,Inf,Inf,0,0,-0.051643028
1,10,12,1.36805540568214,1.82271666462314,1.45060719718266,1,1,-0.468090526
1,11,12,2.26184910625772,4.47177026684453,3.87304038577757,2,1,0.446249769069254
1,12,12,1.40488567011581,1.89668729754077,1.41246291886002,2,0,0.245803384110332
2,1,37,0.367692673557854,1.25967535556512,0.799049803203982,1,0,0.081435889005661
2,2,37,0,0.815140047068608,0.622990319347317,1,1,-0.45175507
2,3,37,1.70329966552773,2.34126960687319,2.05902180979732,1,0,-0.111879172
2,4,37,13.9716798949821,Inf,Inf,0,0,0.114247446646914
2,5,37,0.379148599690042,0.684020023558505,0.422069423313409,2,0,-0.026767434
2,6,37,0.903705956657993,1.16444309964927,1.00742076392155,1,0,-0.25545409
2,7,37,0.524176060666746,1.26347122873415,0.944630057475607,2,0,-0.267018558
2,8,37,0.623900395331389,1.60211410786243,0.916937486065439,2,1,0.362916972953826
2,9,37,0,2.48456048298825,0.950095969153582,1,0,0.0778512575197965
2,10,37,0.593920010218145,1.3829644402789,0.754180337762398,1,1,0.112040961161256
2,11,37,3.97011713528751,4.65171798906728,4.51338294233841,2,0,0.0662925594951957
2,12,37,0.375298475825644,1.06349512604521,0.726187925058973,1,0,-0.247321413
2,13,37,0,0.355436343213028,0.343073860262229,1,0,0.226068954216316
2,14,37,0.71721511541628,2.17664870893815,1.57985170122721,1,1,0.437461936380714
2,15,37,0.951841569738463,1.29674872360192,1.08865431697002,1,0,0.384720214875415
2,16,37,1.06931873018445,2.85808844734842,2.23691788238926,1,0,-0.492190442
2,17,37,1.01530046039045,1.57430601513491,1.57025637413726,2,0,-0.250863253
2,18,37,0.258080463856459,1.52102510345386,0.387873998365378,1,1,-0.257002268
2,19,37,0.477546727729446,0.97571837514296,0.592926771751279,2,0,0.47054614382796
2,20,37,2.09946257566082,2.63363893226463,2.14795116353794,1,0,0.105637182248756
2,21,37,0,1.7172700575644,0.707403366860805,2,0,-0.0308847
2,22,37,1.4656077110126,2.81913700683366,1.48335975430124,1,0,-0.022548335
2,23,37,13.8762377249405,Inf,Inf,0,0,-0.398211122
2,24,37,0.965167727319571,1.18329422222378,1.01516661784047,1,0,-0.2470643
2,25,37,0.116031899815425,1.40752334770033,1.10816642871014,1,0,0.250001622829586
2,26,37,0,0.832544442759518,0.3655182523253,2,1,0.426568562397733
2,27,37,0,0.59299833558262,0.425209301159572,1,1,-0.133361368
2,28,37,0.783098407026592,1.74255074829526,0.85116421605296,1,1,0.0148584074340761
2,29,37,13.4830672766111,Inf,Inf,0,0,-0.181740657
2,30,37,0.522749435195446,1.14858990210963,0.803571587758399,1,0,-0.215961046
2,31,37,3.29077669815474,3.83735150632524,3.44747414451116,1,0,0.305321364896372
2,32,37,0.252641291357577,0.398917684331536,0.389468508280525,2,0,0.331200933782384
2,33,37,0.269745746394619,1.97810200383867,0.304987392900121,2,0,0.241283586248755
2,34,37,0.617516523915654,1.13704510370915,1.0860187782602,1,0,-0.479199071
2,35,37,0.807947501984841,1.42633683230252,0.961104473376083,2,0,-0.001880662
2,36,37,1.4069272184531,1.93582530448071,1.71953232406541,1,0,0.258563235169277
2,37,37,1.6635340972353,2.11150770013135,1.90800321778201,2,0,0.295121647417545
3,1,39,0,0.449887587202197,0.0985852066048211,2,0,-0.487034312
3,2,39,0.0425930364245857,0.299771861052358,0.298122287575562,2,0,0.28589785983786
3,3,39,0.447773598151413,1.04680759366191,0.995378926822278,1,0,0.465309571707621
3,4,39,0,0.416676936033732,0.105319164700877,1,0,-0.227652849
3,5,39,0,0.466705353358234,0.113503122623244,1,1,-0.047051051
3,6,39,0,1.070412357,0.0973358527024866,1,0,-0.308999339
3,7,39,0,0.768246971028757,0.294299831150675,1,0,-0.196280305
3,8,39,0.0238733838777989,0.16659573384512,0.152904636262708,2,0,-0.102132422
3,9,39,0,0.105520328739658,0.0672126967846269,2,0,-0.223442507
3,10,39,0,0.410089376361525,0.11336329925252,1,0,0.029447662178427
3,11,39,0,2.18609193886135,0.165797859288494,1,1,-0.03884654
3,12,39,0.17846668853884,0.470744495254158,0.205844185148998,1,0,-0.485636824
3,13,39,0,0.392056197422233,0.110201739824495,2,0,0.325162176741287
3,14,39,0,1.72091544411125,0.157712175746786,1,1,-0.024199211
3,15,39,0,0.936452956828189,0.0764901945597758,2,0,0.0986271898727864
3,16,39,0.223713172599673,0.268147331662476,0.249675596451539,1,1,-0.40951952
3,17,39,0,0.2103637305554,0.198393271677757,1,0,0.164078642148525
3,18,39,0.176601470913738,0.611813689562114,0.281063651125511,2,1,-0.45880117
3,19,39,0,1.36142197524415,0.221167394226354,2,0,-0.004456206
3,20,39,0.193938016192988,1.75289043322405,0.335938535095022,2,0,0.400952971540391
3,21,39,0,1.37663311784374,0.115876540687691,2,0,0.371282506501302
3,22,39,0,0.419018278996237,0.15410843088959,1,0,0.246855502016842
3,23,39,0,0.290202419506386,0.0900915965681611,2,0,-0.114068135
3,24,39,0,0.544526544378555,0.0671422740497823,2,0,0.497796873329207
3,25,39,0,1.53660469107438,0.281878373620376,2,0,-0.16990634
3,26,39,0,1.35051095945047,0.193543143815354,1,1,0.396948355250061
3,27,39,0,0.293053604330531,0.171037365130029,2,1,-0.39886457
3,28,39,0,0.404055438468766,0.112593656656186,2,0,0.167504692217335
3,29,39,0,0.838547880719316,0.070981274741919,2,0,0.495697194477543
3,30,39,0.00889463140629232,0.827843793393013,0.232886663509268,1,0,0.00948782707564533
3,31,39,0.0165169073023268,1.110110656,0.108052725153801,2,1,-0.089363621
3,32,39,0,1.21867123333024,0.177209990055557,1,1,0.297798109706491
3,33,39,2.01456206557904,2.53267514597018,2.29472706819941,2,0,-0.308989502
3,34,39,0.0515329120787877,0.292514899523472,0.194017107916956,1,1,-0.3431742
3,35,39,0.036403342593292,0.237064618129114,0.113498560427318,1,1,-0.109250818
3,36,39,0,0.664596163646734,0.141706749455194,1,1,0.23959657154046
3,37,39,0,1.49130674070659,0.200085362587216,1,1,-0.032353583
3,38,39,0,0.240865885745734,0.0749978493614703,2,0,0.206465282244608
3,39,39,0.10253568738699,0.277561413822696,0.190680588351233,1,1,-0.426999684
4,1,39,1.39978075419077,1.88989863980779,1.62987709256759,2,0,0.463821277720854
4,2,39,13.9419437941932,Inf,Inf,0,0,-0.498169424
4,3,39,0.473716672460249,1.02133317703765,0.742910227202059,1,1,0.0322942370548844
4,4,39,13.9572222113445,Inf,Inf,0,1,-0.488561539
4,5,39,1.10441258498923,1.84202279141993,1.545452174,2,1,-0.192836946
4,6,39,1.3763495795109,1.96572235780127,1.63511418922241,1,1,0.162424860522151
4,7,39,13.7291697884099,Inf,Inf,0,1,-0.451182359
4,8,39,13.990268652389,Inf,Inf,0,0,0.140458049718291
4,9,39,1.17797276419644,2.94144726901424,2.44642358694628,1,0,-0.017273963
4,10,39,13.5676979659477,Inf,Inf,0,0,-0.231236368
4,11,39,13.3848768750253,Inf,Inf,0,0,0.389252176973969
4,12,39,13.8199091482063,Inf,Inf,0,1,-0.272405085
4,13,39,13.3094940794522,Inf,Inf,0,1,0.0529125018510967
4,14,39,13.8680736671806,Inf,Inf,0,1,-0.113589721
4,15,39,0,0.710866535340438,0.703853311063597,1,1,0.253712794044986
4,16,39,1.7460505955803,1.8866895994122,1.85806734144969,2,1,-0.216970847
4,17,39,3.97319555325318,4.39010949799438,4.04353149095935,1,1,0.481377800228074
4,18,39,1.00522440616755,1.81999278288572,1.35700707020407,1,0,0.430443871999159
4,19,39,2.24257291858897,3.67164349180507,3.53524201187391,2,1,-0.046714332
4,20,39,13.8743042418072,Inf,Inf,0,0,0.118495662230998
4,21,39,13.8228738587664,Inf,Inf,0,0,-0.383527213
4,22,39,0.902121637926853,3.10954499136854,2.88899605788033,2,0,0.00461361929774284
4,23,39,13.8009555013557,Inf,Inf,0,1,0.0251501831226051
4,24,39,13.4340750601704,Inf,Inf,0,0,0.182514004409313
4,25,39,1.34431148551167,2.20137246552141,1.8314077032978,2,1,-0.473513857
4,26,39,13.5829651417576,Inf,Inf,0,0,-0.296559816
4,27,39,1.07131490173624,2.4211103037009,1.16918464557412,2,1,-0.329338041
4,28,39,0.456054714657276,3.75203849743765,1.35300500294245,2,1,0.418992238119245
4,29,39,1.24409820864289,1.75881440868675,1.3673008759655,1,0,-0.339047897
4,30,39,13.4817179124151,Inf,Inf,0,0,0.245248598977923
4,31,39,13.88532367,Inf,Inf,0,1,0.196827150415629
4,32,39,13.9483369844595,Inf,Inf,0,0,-0.003145196
4,33,39,0.321358011065924,3.03159890491614,1.14185622047469,2,0,0.184681999729946
4,34,39,0,1.91676121473986,1.6640565605154,2,1,-0.305410804
4,35,39,1.80554942948567,2.61805277102906,1.87869626521188,2,0,0.216793475672603
4,36,39,13.9625064972066,Inf,Inf,0,0,-0.243607067
4,37,39,4.12336528626029,5.13170411292677,4.43754335661555,2,0,0.0979874629992992
4,38,39,0.550746547693998,1.64013929629232,1.10648703783481,1,1,-0.291364447
4,39,39,13.6907670520893,Inf,Inf,0,1,0.0737144486047328
5,1,40,0,1.70474958038869,1.14606056003307,1,1,-0.226470668
5,2,40,1.59324013979427,1.97360587143354,1.84736646948955,2,1,-0.300377055
5,3,40,0.927269191671995,1.3327958441175,1.01449037370888,2,0,-0.078190942
5,4,40,0,1.31604339082943,1.12438858608148,2,0,-0.476991791
5,5,40,0.763538740533304,1.64230345274302,0.851542050805799,1,0,0.0885645379312336
5,6,40,0.485446557847267,0.952447714945146,0.825048457668303,2,1,0.453414775431156
5,7,40,13.2429231499833,Inf,Inf,0,0,-0.007581266
5,8,40,0,0.668519925305104,0.527303902939883,2,0,-0.419567055
5,9,40,0.664230711974244,1.36367100764724,0.994636098041304,2,0,0.0546822149772197
5,10,40,0.426453530349724,1.05116548529491,0.801928569579493,1,0,-0.408625315
5,11,40,1.04987071708538,1.26959280458041,1.06228483964392,1,0,0.143600289942697
5,12,40,0.0825642312411219,1.42349237127447,0.60679900446063,1,1,-0.216503076
5,13,40,0.476349676144159,1.41278593161198,0.730450692373321,2,0,0.193096736911684
5,14,40,1.51584012106326,1.96837254656249,1.81020668321935,2,1,-0.186186446
5,15,40,0,1.40108918390217,0.801308221653374,2,1,-0.132194832
5,16,40,0,0.38936554903344,0.371360415892377,1,1,0.224843896692619
5,17,40,13.3817565200685,Inf,Inf,0,0,-0.374270587
5,18,40,0.220203954027966,0.858831155791363,0.439675092404033,1,0,0.0231176917441189
5,19,40,0.450355743037021,1.56450963178268,0.738456788456408,1,1,0.116565477568656
5,20,40,0.0612835017964244,1.32161133730071,0.499260725690514,1,0,0.498768022516742
5,21,40,0.237895434605335,0.961126304072605,0.701636174025884,1,0,0.173738839803264
5,22,40,1.21248834602636,1.22335265353181,1.22268345114472,2,0,0.390872981399298
5,23,40,0.809723132135715,1.50658907490941,1.09987612235612,2,0,0.0153076343704015
5,24,40,0,1.60313981390538,0.563027821691062,2,0,0.191651463741437
5,25,40,0.127215630920731,1.26499081078775,0.280861211117936,1,1,-0.229666786
5,26,40,0.0895540816709399,1.5011682351211,0.473602133788533,1,0,-0.294820713
5,27,40,0.310803636210039,1.072716553,0.569806186599102,2,1,0.298719885526225
5,28,40,0.344182144384831,0.992253464159972,0.699805097738959,2,1,-0.194382848
5,29,40,0.424829703988507,0.745776227209717,0.742598458559203,1,0,-0.306190262
5,30,40,13.6874305025475,Inf,Inf,0,0,-0.291958495
5,31,40,0.956552611024862,1.08477006136793,1.02856696460387,1,1,-0.1471199
5,32,40,0.913282697979162,1.3132725154182,0.969863353750491,2,1,0.276499442057684
5,33,40,0.0361516251759527,0.52038680523116,0.47195913399284,2,1,0.447293346980587
5,34,40,0.858354313665165,1.37752075248449,1.09807879770016,2,0,0.125675057759508
5,35,40,0,0.695555331143451,0.370197784502972,1,0,-0.169352538
5,36,40,0.710339430698609,1.13812671705466,0.889519566366537,1,0,-0.438027714
5,37,40,0,0.528240295571691,0.284679143668706,2,0,0.355133297387511
5,38,40,1.19940563985602,1.52885845159636,1.2235440308001,2,0,-0.006676961
5,39,40,0,0.791400485630048,0.317507099757197,2,0,-0.097612438
5,40,40,0,0.528127574806518,0.325054269936422,1,0,-0.130749509
6,1,39,0,1.12312140402602,0.337237561692021,1,1,-0.365755728
6,2,39,0.311401968680001,1.25478702541688,0.492963660788114,1,1,-0.364696541
6,3,39,0.114868368953466,0.240982721298792,0.236230685622537,1,0,-0.060920698
6,4,39,2.72954990209894,3.23780736518668,2.96429976424245,2,1,0.493025769246742
6,5,39,0,0.560256859732276,0.530062216644181,1,1,0.103121681604534
6,6,39,0,0.908276119227421,0.804405526417132,1,0,0.405962172430009
6,7,39,0.231895911041647,2.56176702339638,0.405208944802758,2,1,0.414524425053969
6,8,39,0,0.684956551042801,0.645996630356643,2,0,0.356221912894398
6,9,39,0.636068931759751,1.84071149109843,1.251867345,2,0,0.145978617947549
6,10,39,0.336484719300643,0.649914224748508,0.446228702083843,2,0,0.0986839728429914
6,11,39,2.20674632334822,2.51898528853171,2.27424586073874,2,0,-0.037220996
6,12,39,0,0.70148831483235,0.508928732445953,2,0,-0.062519442
6,13,39,0.260906807379797,0.714056925162017,0.409549050894897,2,1,-0.170633956
6,14,39,0.579171892869593,1.19782676571027,0.732746476143728,2,0,0.227983590448275
6,15,39,0,0.586408156880593,0.457406670017256,1,0,-0.255559273
6,16,39,0.125620305953535,0.58638140319235,0.365906105499138,1,0,-0.072884516
6,17,39,0.638416297709845,1.34800624747685,0.779138911939922,2,0,0.162813554285094
6,18,39,2.20748974607306,2.59242245328195,2.34239667332519,2,0,-0.047955269
6,19,39,0.370568048441783,0.955013953361145,0.733775840630628,1,1,-0.122677089
6,20,39,0,0.678288807605809,0.309433587835045,1,1,-0.300336436
6,21,39,0.467635211568212,1.64329953861257,0.515463856929804,2,1,-0.089117836
6,22,39,0,0.365929436377479,0.349442070151417,1,1,-0.236691936
6,23,39,1.19273333059037,1.84398205523486,1.19399967987625,1,0,0.0163851282559335
6,24,39,0.149465270806104,0.621459034074369,0.214663398540513,2,0,-0.408919529
6,25,39,0,0.669739640762514,0.604968741610764,2,1,0.237447476014495
6,26,39,0.694895748734439,1.3099520171186,0.824949846948957,1,0,-0.17132118
6,27,39,1.027266166,1.96748186062805,1.96718554299486,2,0,-0.164144952
6,28,39,0.260511639760807,3.9341063434486,0.368781677587137,1,1,-0.295921396
6,29,39,0,0.899609389672888,0.886886151138259,1,0,0.037872401997447
6,30,39,0,1.40859992968928,0.426125164262285,1,0,0.172200849978253
6,31,39,12.6451539399084,Inf,Inf,0,1,-0.056019835
6,32,39,0.548886388232697,2.10651337316216,0.901014974619744,1,1,0.439141296548769
6,33,39,0.491366704439229,0.64404865678162,0.514206702297467,1,0,0.315099189290777
6,34,39,13.8858413830417,Inf,Inf,0,0,-0.454750348
6,35,39,13.7162797011961,Inf,Inf,0,1,0.23304380197078
6,36,39,0.993750816634757,2.03555405792508,1.45358779799985,2,0,-0.437984065
6,37,39,0.52449861630657,1.6014324570168,0.526701488460411,1,0,0.326665528351441
6,38,39,13.6820281841815,Inf,Inf,0,1,0.367094930727035
6,39,39,0,1.6826479769403,0.983891084519443,1,0,0.101529312320054
7,1,12,0.975260555488958,2.13491264165869,1.52992705011781,1,1,0.0590722917113453
7,2,12,0,2.12932654643867,0.674050743343484,1,0,0.113071825355291
7,3,12,1.07962733254362,2.34586196785605,1.17842188274238,2,1,0.38166805752553
7,4,12,0,1.03462815001131,0.828449475744019,2,1,0.0199490587692708
7,5,12,0.510284424319854,1.26830996711076,1.23150879490683,2,1,0.359086651355028
7,6,12,13.7908429916558,Inf,Inf,0,0,0.00326242810115218
7,7,12,0.245069423923269,1.58973954914356,0.341083462938957,2,0,-0.163455707
7,8,12,0.266856377478689,1.06129616913841,0.468468856393367,2,0,-0.018033098
7,9,12,0.0595286037772138,1.01487026787811,0.920874615259343,1,1,-0.091899308
7,10,12,13.3639893956205,Inf,Inf,0,1,-0.164037649
7,11,12,13.5364345775614,Inf,Inf,0,1,-0.354673708
7,12,12,0.319902245922492,0.864262394156269,0.412329946928464,2,1,-0.450194867
8,1,13,0.375541096431639,0.784797081581237,0.48120686040482,2,1,-0.48019005
8,2,13,0,1.70353074363413,0.866250136892189,2,1,-0.33288171
8,3,13,0.566774644366969,0.925539246682997,0.590062565483958,2,0,-0.29263749
8,4,13,0.977950721974897,1.86310366257125,1.8206366784439,1,0,0.142570392694324
8,5,13,1.19246665119966,1.65906724156416,1.37391011817866,1,0,-0.265294915
8,6,13,0.952101623506417,1.70952149928737,1.09079530151589,1,0,-0.101010894
8,7,13,1.09027045216577,2.49303988516558,1.65356317710066,2,0,0.176670544082299
8,8,13,0.3991196048446,1.6792802302468,0.690666485613375,2,0,0.282626325963065
8,9,13,12.9749467034609,Inf,Inf,0,0,-0.370269343
8,10,13,0.620211259440935,3.04045755680848,2.07558221696995,1,1,0.045723766554147
8,11,13,13.9766038140438,Inf,Inf,0,0,-0.256894074
8,12,13,1.39779327847051,1.91068301059056,1.68412001193336,1,0,0.0223011274356395
8,13,13,11.8650289569793,Inf,Inf,0,1,0.309134472627193
9,1,15,0.176070616813377,1.07980353122375,0.335213291897529,2,1,-0.287472398
9,2,15,0,1.6230596154088,0.372319274120229,1,1,0.393096367362887
9,3,15,0.058760104002431,0.793079011333075,0.261370420530103,1,1,-0.37885287
9,4,15,0,0.349257831486983,0.207927827688125,1,1,-0.112040912
9,5,15,0.0505348150636981,1.86294928990631,0.841928342335059,1,0,-0.438457762
9,6,15,1.29017633745816,2.30571247899798,1.36764167339613,1,0,-0.269661648
9,7,15,13.8837192476699,Inf,Inf,0,0,-0.117911248
9,8,15,0,1.40418734260264,0.725204256049098,1,1,-0.052595634
9,9,15,0,1.41956915053987,0.425991662675933,1,1,-0.14776149
9,10,15,0,0.874482162254763,0.787481418625742,2,0,-0.082546294
9,11,15,0,0.4662347077182,0.455282822374581,2,0,0.401433628285304
9,12,15,0.137706380876454,1.01804787249641,0.946172080256063,2,0,0.184475765330717
9,13,15,0,0.565651447025544,0.537049938778769,2,0,0.493043358670548
9,14,15,0.841765601399771,1.46207768628829,0.892623069049308,2,0,-0.29146289
9,15,15,0,0.80134395677557,0.708174889771296,1,0,0.345368056790903
10,1,15,12.7418841382724,13.3992756556745,13.0903789789034,2,0,0.44854870904237
10,2,15,4.1766069624881,5.71605072351438,4.30200852925055,1,0,0.487936219898984
10,3,15,2.59251249682641,2.94074474050061,2.7682190648985,1,0,0.113890541950241
10,4,15,1.85282498734215,2.88072430940012,2.22180164200587,2,1,0.366832649102435
10,5,15,13.6016481067134,Inf,Inf,0,1,0.0450465572066605
10,6,15,3.72225871140126,5.81883508343674,3.87681618170787,2,1,0.227068082429469
10,7,15,5.18813206035995,6.75889796908345,5.3216516449639,2,0,0.272346812300384
10,8,15,5.6854350383768,6.89707265259264,6.00016167460553,1,0,0.254211447900161
10,9,15,3.26666951586029,4.54640691289433,4.23529377011993,1,1,0.296399868791923
10,10,15,13.2140220193855,Inf,Inf,0,0,-0.449036703
10,11,15,0.783023494253767,0.955415708902192,0.902606375115498,1,0,0.167204583063722
10,12,15,1.20099214836023,1.49730409843847,1.23298967700258,1,1,-0.075940628
10,13,15,7.58719396555542,8.74251671745405,8.46975341377941,1,1,-0.070059186
10,14,15,13.4549742135271,Inf,Inf,0,1,0.144752182764933
10,15,15,0.817845690214191,1.28927635880054,0.979641520905209,2,1,0.228115072939545
11,1,10,0.483826782067722,2.16688476818356,0.680125729021489,2,0,0.414365576812997
11,2,10,13.7057325660918,Inf,Inf,0,0,-0.216561734
11,3,10,12.5648775394775,Inf,Inf,0,1,0.363702397560701
11,4,10,1.62424820562111,3.37238580086716,2.98030427016054,1,0,0.177387650124729
11,5,10,13.4638271690209,Inf,Inf,0,0,-0.207695936
11,6,10,1.55069446734332,2.19743728734789,1.83968455255634,2,0,-0.334454139
11,7,10,2.20795444696556,3.51466822263417,2.9995035746697,2,1,0.329177021514624
11,8,10,0.836608822415483,1.20851992762865,0.999001212378442,1,0,-0.129286951
11,9,10,1.39502707585217,1.80663745619273,1.67335993238086,1,0,-0.286196437
11,10,10,0.440033870749176,2.48934557092118,0.852907851718381,1,1,-0.014203876
12,1,39,0,2.0814781757092,0.506440934559826,1,0,-0.499552333
12,2,39,13.1738730630066,Inf,Inf,0,0,-0.07806342
12,3,39,0,0.608805379267121,0.507252964362779,1,0,0.304772138828412
12,4,39,0.159274893698083,0.884443987462198,0.717643481782352,2,0,-0.493296294
12,5,39,1.8683060062209,2.06903460659998,1.92228689280898,1,1,-0.290416058
12,6,39,0.251926697922393,0.417021243033453,0.256326017352686,2,0,0.281786110717803
12,7,39,0,0.51387071747095,0.381242232958394,2,0,0.21281203487888
12,8,39,0.274297803407535,0.456958495778963,0.439430001630063,2,0,-0.379026331
12,9,39,0.231008881572419,0.946404766862572,0.236041200317083,1,1,0.234476235695183
12,10,39,0.254768057704772,1.76144336432837,0.438723941765267,1,1,-0.125762775
12,11,39,0.151453209081362,1.35023847958261,0.729179273657179,2,1,-0.436727157
12,12,39,0.112560141365975,0.526202061192548,0.343347151799601,2,0,-0.326790967
12,13,39,0,0.558719369096166,0.163920185741899,1,0,-0.073944242
12,14,39,1.14352078757602,1.86656747998238,1.43387321480288,2,0,-0.118981248
12,15,39,0.0656809780357796,0.942404178076549,0.289394690508974,2,1,0.37309687351808
12,16,39,0.639201639889046,1.27060188371288,0.746743513214837,2,0,-0.031504646
12,17,39,0,0.340308166807517,0.229083111755846,2,0,0.148773089749739
12,18,39,0.620711320990181,1.61399966099517,0.65233733130761,1,1,-0.165465843
12,19,39,1.70845488473753,2.52887953455996,2.10861916337378,1,0,0.0337074841372669
12,20,39,0,0.812893455806089,0.509187068439935,1,1,-0.137718093
12,21,39,0,0.453034773985403,0.253280044619209,1,0,0.228624525945634
12,22,39,0,1.53792348165089,0.198087631824398,1,0,0.020042376127094
12,23,39,0.341856692451984,0.832198916721107,0.639643760022178,1,0,0.282311582937837
12,24,39,0,1.81482301921326,0.861201535072572,1,0,-0.342749362
12,25,39,0.308875144692138,0.732021041274586,0.489495720188531,2,0,0.242108619306237
12,26,39,0.862026003542809,4.20567705126154,1.60418068653084,2,0,-0.273928626
12,27,39,0,0.570974013747132,0.167246397232818,1,0,0.0258016162551939
12,28,39,0,1.64361972353401,0.392845675577419,1,1,0.137404126347974
12,29,39,0,1.47859572610798,0.365508795781092,2,0,-0.30679199
12,30,39,0,1.04756689158486,0.375818291026668,1,1,-0.464012593
12,31,39,2.00882532392609,2.80442375071783,2.67365141237742,1,1,0.435073698870838
12,32,39,0.754898339979741,1.08747273357997,0.9727807744212,2,1,0.18708530976437
12,33,39,0,0.345015212194994,0.284793494515978,2,0,-0.359872535
12,34,39,2.66252744419916,3.40776734551355,2.82297747072218,1,0,-0.316212189
12,35,39,0,1.72710916764083,0.684868765567942,1,0,-0.473866858
12,36,39,0,0.964430307927442,0.733683315057461,2,0,0.0166232706978917
12,37,39,1.88904400065926,2.38509747186822,1.89115469118677,2,0,-0.015825001
12,38,39,0.309343760390622,0.769390050789613,0.487233952946802,1,1,0.386920081451535
12,39,39,0,0.405819943909241,0.30633207594357,2,0,0.320041694911197
13,1,20,0.0546999522519418,1.13781873586452,0.174276108678499,1,1,0.359892012551427
13,2,20,0,0.218959585887188,0.19321101763493,2,0,-0.330586485
13,3,20,0,2.6524507424151,0.460934348390531,2,0,-0.210676774
13,4,20,0,1.0206948229623,0.238364946982207,1,0,0.227966356789693
13,5,20,0.00499692605808377,0.498433914014554,0.336689803045885,1,1,0.3549149192404
13,6,20,0,0.691425787729627,0.34637691223251,1,1,0.328598926542327
13,7,20,0.174392218468711,0.469370486447588,0.270810257770686,2,0,0.31722340034321
13,8,20,1.0124983747151,2.0147253196859,1.1464030741462,1,1,-0.059135018
13,9,20,0.179934123101896,2.19614837730909,0.301463341095702,1,1,-0.265683865
13,10,20,0.376091647982444,1.03458554118246,0.926026242316084,2,0,0.0849817497655749
13,11,20,0,0.403554739427233,0.1728731257327,1,1,0.152705821674317
13,12,20,0,0.774288587230158,0.221453145569455,1,1,0.0440641732420772
13,13,20,1.34270689637212,1.40417631460165,1.38151831529574,1,1,0.436797971138731
13,14,20,0,0.88323969855429,0.234604047525244,1,1,0.0526714799925685
13,15,20,0,0.832568174072573,0.210195176205272,1,1,0.23381710681133
13,16,20,0.306206255560704,1.05118149362584,0.851989897903032,2,0,0.389850001316518
13,17,20,0.0258832655381411,0.534861895861162,0.459615663360286,2,0,-0.314108528
13,18,20,0,1.25823515181648,0.335188663833579,2,0,-0.311962914
13,19,20,0,0.802246765,0.146506899918047,2,0,0.348210760625079
13,20,20,0,0.205560901667923,0.189963892768237,1,0,-0.356130073
14,1,16,0.853126454125059,1.98021669489074,1.32368867659257,2,1,0.254235832951963
14,2,16,1.88730276891038,2.00962650745524,1.90390331931037,1,0,-0.286043567
14,3,16,2.37165784959228,3.65056372644145,3.13761780987608,1,0,-0.25385275
14,4,16,0.51246461039409,1.69651467765899,0.847041994749016,1,1,0.0747850709594786
14,5,16,1.77441386580631,2.33400796566085,1.86002392993447,1,0,0.0652693326119334
14,6,16,2.1665661506662,3.15199543106172,2.57684062642366,1,0,-0.157073898
14,7,16,0.107456200756133,1.99896800880063,0.943086535220693,1,1,0.368135473690927
14,8,16,0.118423756986907,1.07896206787503,0.490254677851304,1,1,0.193152264226228
14,9,16,0,1.2833044817041,0.787601682394042,1,0,-0.313411058
14,10,16,1.28049203120628,1.89672702754134,1.63506197737635,1,0,0.402464636601508
14,11,16,0.19524595560506,1.21037167259948,0.497943259440045,2,1,0.428017569705844
14,12,16,1.17343314637648,2.25712575192068,1.3634230511024,2,0,0.242933518020436
14,13,16,0.249998513466825,1.65980047709955,0.339544056048893,1,0,-0.183837095
14,14,16,2.77747982332373,4.09676390192579,2.92563927081492,2,0,-0.08971395
14,15,16,0.49614968127571,1.36133773224884,0.594805807656152,1,0,-0.49417346
14,16,16,1.89181732914106,2.79992295314946,2.7997538426786,2,0,0.416011975379661
15,1,15,0.0939609373069179,1.16677783860998,0.693384519360282,2,0,0.310859532095492
15,2,15,12.1767395534319,Inf,Inf,0,0,-0.3135967
15,3,15,1.59959549348361,2.09398518198062,1.91854883320341,1,0,-0.299282999
15,4,15,5.25571087976358,5.83582860504411,5.65970577913048,1,1,0.0587313466239721
15,5,15,0.636345637729391,2.00935578782329,1.38968866781674,2,0,0.131640786072239
15,6,15,1.02601187406934,1.89892877364882,1.38970103001913,1,0,0.332917510764673
15,7,15,3.1498446398621,3.66604054263501,3.63649064306749,2,0,0.241515649016947
15,8,15,13.1115878158001,Inf,Inf,0,0,-0.149571985
15,9,15,13.6161616461005,Inf,Inf,0,0,0.460062816739082
15,10,15,1.54535179977994,3.85698804825738,3.46325198758638,2,0,0.348386994330212
15,11,15,13.8834605367779,Inf,Inf,0,1,-0.005514632
15,12,15,2.27596284618619,3.9977933519799,2.55279944295014,1,1,-0.101587817
15,13,15,1.71753297365251,1.90232259414078,1.88102084929841,1,1,-0.340929493
15,14,15,13.807114838668,Inf,Inf,0,0,-0.309618344
15,15,15,13.9685567547474,Inf,Inf,0,0,0.356591844465584
16,1,39,2.05510290065757,3.54351378661094,2.27062363016483,1,0,-0.179565612
16,2,39,13.5689956612913,Inf,Inf,0,0,0.354449141537771
16,3,39,6.358378578,8.01644377780997,6.49816015176893,1,0,-0.297922476
16,4,39,0.309715882409364,0.843254508429623,0.557185022397206,2,0,0.328551217447966
16,5,39,0.704047503240158,1.93311652209979,1.28681980588933,2,0,0.298373333178461
16,6,39,12.7801870480915,Inf,Inf,0,1,0.139617381384596
16,7,39,13.6461340343208,Inf,Inf,0,0,0.0454170773737133
16,8,39,0.890161000412126,2.83084620133619,1.03078536633996,2,0,0.299770057434216
16,9,39,1.94324742460649,2.59680249556687,2.48759358181404,2,0,-0.09150308
16,10,39,1.6022969137543,2.92575052538556,2.17982136135676,1,1,0.421528490725905
16,11,39,0.543073431685417,1.4810270018389,1.0811241387694,1,1,-0.45868918
16,12,39,1.91465676430885,3.32126267845994,2.58120330651713,2,1,-0.211621605
16,13,39,13.879383701765,Inf,Inf,0,1,0.0605933852493763
16,14,39,2.41053385985266,3.19176621575373,3.18407376709468,1,0,-0.16949161
16,15,39,0.665242237949228,1.59995727141606,0.979718758085316,2,0,-0.36384554
16,16,39,0.846250299089436,1.04821857452922,0.959334978581872,2,0,0.448346126591787
16,17,39,0.114822234208807,1.51943619093383,0.635659895894035,1,0,0.250321286031976
16,18,39,0.893211713272563,2.7225914478113,2.6431640971885,2,0,-0.353015284
16,19,39,13.9359151373093,Inf,Inf,0,1,0.364004377974197
16,20,39,2.05669100462233,2.44845975050962,2.19144162339914,2,0,-0.291834933
16,21,39,13.8853373938216,Inf,Inf,0,0,-0.357535383
16,22,39,13.7849731667828,Inf,Inf,0,1,0.151891007320955
16,23,39,13.8573992765066,Inf,Inf,0,0,0.458086092025042
16,24,39,0.673877287402234,2.86917411181262,1.31927908476051,2,0,0.408514945069328
16,25,39,0.85873945705117,1.20311309346454,1.13546270270238,1,0,-0.037394729
16,26,39,0.2546165517997,1.01780652134204,0.586458918293258,2,0,-0.025991498
16,27,39,0.632617580538139,0.865964241678717,0.848083784231572,1,0,-0.11039139
16,28,39,0.437753032170409,0.634211920876229,0.596223017078897,2,0,0.257537793600932
16,29,39,0.779883083329271,3.76635484790456,2.03427717563702,2,1,-0.167203692
16,30,39,1.90961324766496,2.6313948953871,2.04347396311467,2,1,-0.267527406
16,31,39,0.0603121542371809,1.08132752073453,0.835901826950086,2,0,-0.288186428
16,32,39,1.42733337469855,2.45103228479604,1.63264578263902,1,0,0.0881161103025079
16,33,39,2.66791258562038,3.5658610751028,3.3626629978625,1,0,-0.110470285
16,34,39,0.5875003822521,1.67137701510795,1.48834641445153,1,0,0.440978820202872
16,35,39,13.807448412312,Inf,Inf,0,0,-0.026002892
16,36,39,0.999600024851871,1.85207238505575,1.64920546222321,2,1,0.138269776245579
16,37,39,13.5212283274919,Inf,Inf,0,1,-0.02029669
16,38,39,1.70691828332366,2.00138492505522,1.78656552766364,2,0,0.120795343536884
16,39,39,1.44074870488295,3.12273589728068,2.16895700508414,1,1,0.115712489001453
17,1,13,2.07698017655158,2.8590908172987,2.64347321360986,1,0,-0.34074446
17,2,13,13.8240266709019,Inf,Inf,0,0,-0.131326521
17,3,13,13.7539193467702,Inf,Inf,0,0,0.499815435614437
17,4,13,13.0736112465374,Inf,Inf,0,1,-0.148544024
17,5,13,13.9686957145982,Inf,Inf,0,0,-0.36352556
17,6,13,0.643635886700308,1.89765345296803,1.74980339973849,2,0,-0.016603033
17,7,13,1.32544150500063,3.94540584290456,3.19910187933756,1,0,0.175160587299615
17,8,13,13.7588605389106,Inf,Inf,0,0,-0.083171376
17,9,13,0.589281868867061,1.20401120763728,1.08741620822194,2,0,0.167169620515779
17,10,13,2.04023034761352,2.23267955824238,2.13849100215465,2,0,-0.361602962
17,11,13,13.5204074482582,Inf,Inf,0,0,-0.495202743
17,12,13,12.3950080728685,Inf,Inf,0,0,-0.208788066
17,13,13,1.07112635904923,1.79220470674189,1.17002395749723,1,0,0.490068187471479
18,1,14,12.8905454867909,Inf,Inf,0,0,-0.273393819
18,2,14,1.53323723702534,2.41788349343762,1.61715621471335,2,0,-0.326663103
18,3,14,0,1.81257571388563,1.13044958034599,1,1,-0.223876203
18,4,14,0.945528983889746,2.18507945233861,1.78915787918993,1,1,0.234218521043658
18,5,14,0.721573757231325,1.45012061409186,0.994444356253884,1,0,0.377017471240833
18,6,14,6.07631764222677,6.71553788180034,6.5488021629739,1,1,0.491775859845802
18,7,14,0.816475980686425,1.45733778153721,1.16190942807961,1,0,0.222368423128501
18,8,14,0.943553499390787,2.62803317549381,1.16304324629128,2,0,0.0108950363937765
18,9,14,1.02284145642708,2.82760537227063,2.51358993763973,2,0,-0.486972963
18,10,14,1.11079017107541,1.58478851810077,1.33048401570648,1,1,0.297808170085773
18,11,14,1.52924831104735,2.34419442322831,1.88652165212981,2,0,0.0103045622818172
18,12,14,0,1.15156912488222,0.832655920305618,1,1,0.0323021879885346
18,13,14,0.790095993692695,1.04804340927181,0.965806702731453,2,0,-0.026600698
18,14,14,0.946349900775935,1.1710234748337,1.13157386250956,2,0,0.146257795626298
19,1,12,0.461247157284474,0.661816993474445,0.477742531359693,1,1,-0.113249858
19,2,12,0,0.327165129128844,0.253096159021169,2,1,-0.072643646
19,3,12,0.197326463414356,0.721163797831456,0.24917035136863,2,0,0.468803200637922
19,4,12,1.51092168635907,2.69990737770188,2.08227505942462,2,0,-0.358510302
19,5,12,0.357089495286345,0.753735229352553,0.554165979150855,2,0,-0.349519547
19,6,12,0,0.555131552254266,0.539487407631155,2,0,-0.249931945
19,7,12,0,0.169031264135117,0.139430905307162,2,0,0.461783636594191
19,8,12,0.735417496802312,1.06389518633301,0.776595635362558,1,1,-0.221333873
19,9,12,0.169409526046365,2.5293828168555,0.247521926019126,2,0,0.379478138871491
19,10,12,0,0.435126747915006,0.229004449169973,1,0,-0.41355902
19,11,12,0,0.325492521980777,0.283692877619175,1,1,-0.404910062
19,12,12,0.132730387616903,0.166222038780794,0.135970727898852,2,0,0.410284453071654
20,1,15,0.276187677169219,0.601498355623335,0.385083316426705,2,0,0.0735694754403085
20,2,15,13.796715313938,Inf,Inf,0,0,0.415185456397012
20,3,15,0.024821113010054,0.842151925743013,0.481992087776131,1,1,-0.169617238
20,4,15,0.562570170732215,0.859223837731406,0.65189534321452,2,1,0.432487903395668
20,5,15,0.085704252485611,0.80903277485012,0.513859837430665,1,1,0.464082367019728
20,6,15,0,1.07835312460767,0.271534230425432,2,0,0.454232671065256
20,7,15,0,0.935390392276359,0.204444272001144,1,0,-0.167198902
20,8,15,0,0.76024192953773,0.433857083060215,2,0,0.0410916828550398
20,9,15,0.108723269969691,0.750211804812725,0.523985523589234,1,1,0.497745966771618
20,10,15,0.527991158401078,0.792882483431554,0.632276478182953,2,1,-0.265692348
20,11,15,13.1009433379298,Inf,Inf,0,1,-0.0391445
20,12,15,0.135632456978783,0.640718377469928,0.320700748487049,1,0,-0.308358658
20,13,15,1.20436474425986,2.80737013106482,1.95843237884785,2,0,0.282954842317849
20,14,15,1.63825006054932,2.44305918937291,1.91311263310561,2,1,0.0199114705901593
20,15,15,0,1.06940238450872,0.930772308850252,1,0,-0.460764326
21,1,38,1.32444268940534,3.1990947499804,1.33597834234034,1,1,0.159539230633527
21,2,38,13.7195764554681,Inf,Inf,0,1,0.0660001139622182
21,3,38,1.11388371059451,1.52515450875748,1.27632090101037,2,1,-0.375760301
21,4,38,0,2.17374351049278,0.693580211378926,1,0,-0.426869172
21,5,38,2.15147374196083,2.31459898150631,2.18706903083486,1,0,0.140376593917608
21,6,38,1.37767330688652,4.33692026953995,2.14570842335281,2,0,-0.323533849
21,7,38,1.03377112394892,2.15651339586804,1.22573969738988,1,1,0.336766933556646
21,8,38,0,0.799768082755518,0.762548845246025,1,0,0.182568949880078
21,9,38,0.658832681132481,0.849942748727759,0.817328623276972,2,0,0.0594779250677675
21,10,38,0.0298135396386224,1.87631238579953,1.71417811697054,1,1,-0.21280362
21,11,38,0,1.58418449448526,0.713362699823761,1,0,-0.254153616
21,12,38,0.334158369805664,0.561018138192594,0.544601221413223,1,0,-0.085974356
21,13,38,1.02293047936637,2.75412112721226,1.20626329725706,2,0,-0.372237807
21,14,38,0,1.0145028726709,0.665841868352676,1,0,-0.040864589
21,15,38,3.41343034363129,3.50172711305097,3.46170703904171,2,0,-0.466218712
21,16,38,1.93250493748573,2.25371419681696,2.12908892128405,1,0,0.0959381349384785
21,17,38,1.92089631373174,2.35122007699557,2.15174186820421,2,0,-0.495272792
21,18,38,0.00267321639694273,0.818825735901383,0.655792834921075,2,0,-0.318692552
21,19,38,0.547746385426676,1.34325679478453,0.616696530078226,1,0,0.442805292550474
21,20,38,4.51761733021072,6.14791935326927,5.83927846972116,1,1,0.0182011537253857
21,21,38,0.399669580839059,1.29194833308676,0.951914848627428,1,0,-0.351541779
21,22,38,0,1.23754675028132,0.531307762988671,2,0,0.00692458893172443
21,23,38,0,0.882084396111348,0.65677511868978,1,0,-0.120508633
21,24,38,0,0.54457153843478,0.517870973258976,2,1,-0.415056528
21,25,38,2.54325106659646,2.64855844051319,2.62356346907938,1,1,-0.435988023
21,26,38,0.311418973826232,1.62769652150266,1.28280370230433,2,0,0.235700198449194
21,27,38,0.0177073930390179,1.81456016319546,1.21493217635176,2,0,-0.035298032
21,28,38,0.673790459729508,1.3744926472927,0.832030564372135,1,0,0.0368477003648877
21,29,38,3.95224069856279,4.41836046896809,4.36311409489403,2,1,-0.084444807
21,30,38,13.9685644190148,Inf,Inf,0,1,-0.270947441
21,31,38,0.806924036336301,1.83550218265511,0.981315839354482,1,1,0.454990535508841
21,32,38,0,0.696736584951193,0.418801625559255,2,0,0.466290855081752
21,33,38,0.81545286296415,1.83896191055499,1.02007118497554,1,0,0.212349383858964
21,34,38,0.317097136532423,0.529970396091697,0.486494214208741,2,0,-0.039572942
21,35,38,0,0.647957683985537,0.336068410195244,2,0,0.212380377575755
21,36,38,0.418557520934796,0.976009474586183,0.498786671492939,2,0,-0.078454754
21,37,38,0,0.717364069963706,0.370430082434829,1,1,0.105231186375022
21,38,38,0.464529526204212,0.615970133555067,0.564812588748007,1,0,-0.074887024
22,1,12,0,2.61365669299115,0.0390666883658167,1,0,-0.13118489
22,2,12,0,0.549677296006655,0.0414800685532648,2,1,0.0645274217240512
22,3,12,0,2.30145701194618,0.100381930744265,2,0,-0.207595347
22,4,12,0.0572528924272982,0.281552000804025,0.0694809678206366,2,0,0.104050255846232
22,5,12,0,1.34353948471354,0.131540682030601,2,1,0.381818473339081
22,6,12,0,0.0862670826794716,0.0605777618433085,1,1,0.130086597288027
22,7,12,0.105273018591106,0.285297748016345,0.127902116180174,2,0,-0.170691112
22,8,12,0.0281955718528479,0.357271419838071,0.188357854357662,1,1,0.0633923683781177
22,9,12,0,0.345254908083007,0.0749992655666077,2,1,-0.210356238
22,10,12,0,1.37013691564308,0.0763965266016608,2,0,0.114961615065113
22,11,12,0,1.00099225989359,0.0882076299838733,1,1,0.146206774748862
22,12,12,0,0.766022255868389,0.135313438612001,1,0,0.381959460908547
23,1,42,1.39401430164682,1.59694064309107,1.54631831428421,1,0,-0.03761423
23,2,42,0.529694258936002,1.08666666373345,0.784172318219848,1,1,-0.285197118
23,3,42,2.20782328513252,2.32460061064111,2.30102730253739,2,1,0.0794846990611404
23,4,42,13.863816807931,Inf,Inf,0,0,-0.320181302
23,5,42,1.59504822366822,3.38955483539177,1.66578208581246,1,0,0.0868857530876994
23,6,42,0.347776197368798,1.81648675384781,1.34741613525317,2,1,0.012648033676669
23,7,42,0,1.72832796714249,1.72189627714425,2,1,-0.111497038
23,8,42,0.695212292100416,2.17955750086988,1.9916921387723,1,0,-0.007016033
23,9,42,0.503973903134465,1.81834443745421,0.906656270820384,2,1,0.33229588996619
23,10,42,13.7692332589616,Inf,Inf,0,0,-0.227505422
23,11,42,0,0.984922046731126,0.679099272225448,1,1,-0.364669725
23,12,42,1.32298502216353,2.46297353296996,1.97663027080773,1,0,0.133620171342045
23,13,42,1.58098121724072,2.80251077268471,1.73110870632539,1,0,-0.170049248
23,14,42,2.33089234670503,2.57720848000487,2.43682833540815,2,0,0.0444932447280735
23,15,42,1.00063209851886,3.09114693150043,2.70734860109748,2,0,0.375521610025316
23,16,42,13.9983080262764,Inf,Inf,0,0,-0.182496406
23,17,42,0,2.92551284266596,1.1710814263265,2,0,-0.37679268
23,18,42,1.47503554085759,2.37721176544219,1.95261359399745,2,0,-0.478896788
23,19,42,1.14520837868098,1.93818477386599,1.3280811049605,2,0,0.0352043497841805
23,20,42,0.773044693383691,1.06248994856824,0.815192009099122,2,1,-0.151390587
23,21,42,2.09637131833923,2.54379896690351,2.1053942272607,2,0,0.144701258977875
23,22,42,0.796204528793993,1.13094986861043,1.06103254507202,2,0,-0.281873958
23,23,42,2.41593323984529,3.38896257483271,3.23327064783679,2,1,0.127317270729691
23,24,42,13.5184515990602,Inf,Inf,0,0,-0.239952564
23,25,42,1.46052875747029,2.30817915965383,1.71211618206277,1,1,-0.298581027
23,26,42,2.29581222676617,3.23701741349353,2.52819687417511,2,0,0.0412479746155441
23,27,42,0.618026468668898,1.34239922715697,0.997489897754141,1,1,-0.223701659
23,28,42,1.59192317400212,3.70655255614369,2.69857158316787,2,1,-0.282530012
23,29,42,2.42005396178402,3.39425633666971,2.79139730630597,1,0,-0.132322322
23,30,42,1.55333363539995,2.64768459947324,1.82794096679077,2,0,0.372848397120833
23,31,42,1.29048653502379,2.27605194870269,1.79175615728423,2,1,0.0795716440770775
23,32,42,2.04268667493212,3.13460777991865,2.10369508324937,2,1,0.315127888694406
23,33,42,0.434439811368889,1.90886595632111,0.898524673198272,2,0,-0.207742231
23,34,42,1.39500307541558,1.58670281100305,1.43491232533724,1,1,0.0606987974606454
23,35,42,13.7871895174034,Inf,Inf,0,1,-0.128565908
23,36,42,1.62647750362382,2.14098076174197,1.91832962270536,1,1,0.317953475285321
23,37,42,1.7275392547551,3.2384248919246,3.09907653320175,1,1,-0.441704324
23,38,42,0.939415719318104,1.16872081389175,1.13827237044054,1,1,-0.124740856
23,39,42,1.26721595085615,1.93078673812712,1.30627189131877,1,0,0.203403289197013
23,40,42,13.7935417556726,Inf,Inf,0,0,-0.296422611
23,41,42,13.4466019016877,Inf,Inf,0,1,-0.340962241
23,42,42,0,1.41741294777932,0.970773452276503,2,1,-0.128348991
24,1,15,13.8203895628509,Inf,Inf,0,0,-0.031526615
24,2,15,13.7251977005863,Inf,Inf,0,0,-0.476474695
24,3,15,13.8553489834147,Inf,Inf,0,0,0.167369734030217
24,4,15,13.786519749421,Inf,Inf,0,0,0.219505050452426
24,5,15,13.9297519967746,Inf,Inf,0,0,0.327959835063666
24,6,15,13.7055450627034,Inf,Inf,0,0,-0.20916146
24,7,15,12.8160849118265,Inf,Inf,0,0,-0.404316544
24,8,15,12.3896453710081,Inf,Inf,0,0,0.295925142709166
24,9,15,13.9650166607783,Inf,Inf,0,0,0.0984446222428232
24,10,15,12.8084899413484,Inf,Inf,0,0,-0.213019062
24,11,15,2.75923520478349,4.14041379518954,3.03076198677382,1,0,-0.070617144
24,12,15,13.8982423200822,Inf,Inf,0,1,-0.032315496
24,13,15,13.5660895430043,Inf,Inf,0,1,0.236946567893028
24,14,15,13.0795255422196,Inf,Inf,0,0,0.405751809477806
24,15,15,12.806067333656,Inf,Inf,0,1,0.222264368785545
25,1,12,0,0.813706856178951,0.00268193844278599,2,0,0.197750635445118
25,2,12,0,2.30496368730876,0.00770940644817261,2,0,-0.043305816
25,3,12,0,0.451659842373288,0.00223344692517405,2,0,0.251919238129631
25,4,12,0,0.0348556834543813,0.00490282336461952,2,0,0.272693568374962
25,5,12,0,0.615406588164574,0.00224280096271153,1,0,0.0868455066811293
25,6,12,0,0.0689804933499545,0.00553182184042731,1,0,-0.004573647
25,7,12,0,0.349746685852157,0.00270359904312631,1,0,-0.259724598
25,8,12,0,1.32923484121667,0.00331975034003011,2,0,-0.297639512
25,9,12,0,0.358100425430989,0.00248955279831077,1,1,-0.364823509
25,10,12,0,0.157194621860981,0.0116559174569741,1,1,0.0881445549894124
25,11,12,0,0.0104154436849058,0.00128803948338391,1,0,0.430395071860403
25,12,12,0.00204745285621948,0.284575793207056,0.00435604551477232,2,0,-0.097623028
26,1,14,3.87664231767621,4.14893232698295,4.06086683358293,2,0,0.0943608658853918
26,2,14,3.20352995044838,3.71467950121548,3.28364925363843,1,1,0.140111973974854
26,3,14,13.9732195171826,Inf,Inf,0,1,-0.176173982
26,4,14,2.09725434113036,2.21601331223476,2.1890771568607,1,1,0.408622132847086
26,5,14,13.9081015231602,Inf,Inf,0,1,0.194853443885222
26,6,14,13.7104691795969,Inf,Inf,0,1,-0.305812033
26,7,14,5.0260155384755,6.05433992081314,5.91576775456513,2,1,-0.420520741
26,8,14,3.54368741872165,4.45638233608478,4.44018145487153,2,0,0.401562404586002
26,9,14,13.6853985064041,Inf,Inf,0,0,-0.119975889
26,10,14,13.6110219418715,Inf,Inf,0,1,-0.487572466
26,11,14,13.1835433608985,Inf,Inf,0,1,-0.281630473
26,12,14,13.7466148685653,Inf,Inf,0,0,-0.237980401
26,13,14,13.8958475045366,Inf,Inf,0,0,-0.318407336
26,14,14,13.2524766585815,Inf,Inf,0,1,0.252984902821481
27,1,10,13.8724363204636,Inf,Inf,0,0,-0.312371683
27,2,10,13.8177513629955,Inf,Inf,0,1,0.396651707123965
27,3,10,1.38060392148559,1.50590011046966,1.41674163996191,2,0,-0.174902403
27,4,10,0.0992255548480898,1.37688292300546,0.972647960481978,2,0,-0.028858725
27,5,10,1.84832479750809,2.40526900384409,2.15227349677467,1,1,0.212440829491243
27,6,10,0.831764591815782,2.05116915758011,0.87115121389638,2,0,-0.358449905
27,7,10,0,0.641343696021891,0.444395976072717,2,0,0.409519886830822
27,8,10,0.742365355582392,1.85304368092659,1.17645844314874,2,0,0.265486864838749
27,9,10,0.642966864609575,0.734254300340495,0.666242377108573,1,1,0.0443636728450656
27,10,10,0.114193257662016,1.92989968476607,0.799310153221318,1,0,0.404684419743717
28,1,38,0,1.64897509283366,0.179526035092727,2,0,0.167459047865123
28,2,38,0,0.205920379143208,0.0430205534472572,1,1,-0.156352223
28,3,38,0,0.433892943752776,0.113161066497032,2,0,-0.121006927
28,4,38,0.311254948716556,0.821528072786879,0.319324146854963,2,0,-0.226450714
28,5,38,0.0815697580110282,0.604397850322953,0.0928824364944028,2,1,-0.266389573
28,6,38,0,0.241319351363927,0.0606989633595702,1,0,-0.016343138
28,7,38,0,3.45334600545188,0.0687056532334319,2,0,-0.141930822
28,8,38,0,0.489028323604826,0.0705513856327122,2,0,0.0919942264445126
28,9,38,0.00353852566331625,0.561518759445703,0.145674847673797,2,0,-0.130304452
28,10,38,0,0.375826142241663,0.109257049249958,2,0,-0.074882129
28,11,38,0,0.465452436634564,0.173386185899704,1,1,-0.02340327
28,12,38,0,0.485597980192439,0.0693450529368248,2,1,-0.357653358
28,13,38,0,0.0753919028477354,0.0617841233911414,2,0,-0.203491393
28,14,38,0,1.18420553294228,0.207522106023915,1,0,-0.102452083
28,15,38,0.0651525494176894,0.449181406800833,0.0823665203123517,1,0,-0.396318445
28,16,38,0,0.786095617563289,0.10490019200244,2,0,0.471895107300952
28,17,38,0,0.678951005430377,0.062909554714956,1,0,-0.493676815
28,18,38,0.0567379142157733,0.614006985037753,0.0867723144629311,2,0,0.0650105089880526
28,19,38,0,0.298193245893344,0.0672897980632506,1,1,0.0752010645810515
28,20,38,0.042157637886703,0.653456128181374,0.126846736233792,1,0,-0.173839923
28,21,38,0,0.79429921174785,0.0829592320331199,2,0,0.327989540761337
28,22,38,0,0.168642986998605,0.0791436413490395,1,1,-0.263302101
28,23,38,0.544805063866079,1.30834398321332,0.882509941578841,2,0,-0.377550986
28,24,38,0,0.544615204890674,0.130066671737332,1,0,0.011860141530633
28,25,38,0.0917508792759956,0.693743111048693,0.167897327588937,2,1,0.46523063047789
28,26,38,0,0.288187455153093,0.109223479677373,2,0,-0.08978265
28,27,38,0,0.559988214147693,0.34951632911672,2,0,-0.164464769
28,28,38,0.154606441967189,0.350090071326122,0.261642067622068,2,0,0.284057693788782
28,29,38,2.57376212348087,3.24875460796608,2.64585901996267,2,0,-0.303803185
28,30,38,0,0.13149568188425,0.0702002571992006,2,0,0.113941928604618
28,31,38,0,1.50546032340744,0.144992712372381,2,1,-0.248272188
28,32,38,0,0.490668037798346,0.0410814822255634,2,0,0.321151081705466
28,33,38,0,0.700809482443047,0.0418203215714556,1,0,0.0944375758990645
28,34,38,0,0.312594773015007,0.147441787629897,2,0,0.230697884690017
28,35,38,0,0.561624089234924,0.448338586943726,1,0,-0.285493186
28,36,38,0,0.370341818293041,0.175574279608913,1,0,-0.106018668
28,37,38,0,0.263557293943501,0.162027819415202,2,1,0.0416645095683634
28,38,38,0,0.716266774530423,0.197321563521708,1,0,-0.238492422
29,1,13,13.6167261225647,Inf,Inf,0,0,-0.133489319
29,2,13,0.0464344390202314,1.15051702613229,0.990419095801952,2,1,0.351764691062272
29,3,13,3.25651237612526,3.69126040590625,3.31158884143922,1,0,-0.028754757
29,4,13,1.37914657169477,1.85554948070304,1.50087138250456,2,0,0.419383845292032
29,5,13,0.505606779913619,1.42361997444752,1.27860248272256,2,0,-0.074371105
29,6,13,0.314428742043674,0.886353224960572,0.49110964573229,2,1,-0.28701391
29,7,13,0.542354798854745,1.37407215864615,0.552613045720326,1,0,0.125134220113978
29,8,13,1.2001463684299,2.64565522094693,1.41352577101143,1,1,0.0678627847228199
29,9,13,13.6627115281527,Inf,Inf,0,1,0.339010930154473
29,10,13,1.49353545061895,1.70603759842683,1.59413378381993,1,0,0.35906324069947
29,11,13,0.999788779257697,1.89670951500798,1.44391047873694,2,1,-0.144519364
29,12,13,12.5648221603485,Inf,Inf,0,0,0.457980726379901
29,13,13,13.0364098341017,Inf,Inf,0,0,0.270204957574606
30,1,7,2.06848623030242,2.3610881830271,2.30240987881662,1,1,0.286880787229165
30,2,7,1.50054264514611,1.81146243533148,1.64977126864948,1,0,-0.115659361
30,3,7,0.243031501071528,0.778364577932346,0.5337393804752,1,0,-0.113315966
30,4,7,1.70946612223963,2.15293847921978,1.83271354607381,1,0,-0.441700165
30,5,7,0.0884116261731833,0.773084469817063,0.35881950182134,1,0,0.259235283359885
30,6,7,0,0.658348233883685,0.490781294451842,1,0,-0.036520785
30,7,7,0,0.491337493506676,0.399640949996347,1,1,0.181500167585909
31,1,15,1.52954812190755,1.92410333062544,1.71984502125087,2,0,-0.110966129
31,2,15,0,3.6533594036237,1.46470674048599,1,0,-0.262889496
31,3,15,0.217614248860627,0.963815708137018,0.652746190954231,1,0,0.090288233011961
31,4,15,13.9365336342505,Inf,Inf,0,0,-0.168799149
31,5,15,0.377214463660493,1.35376962806099,0.66366196786859,2,0,-0.082371701
31,6,15,0.335522333045384,1.86782530914931,0.985817721229329,1,0,0.0391293538268656
31,7,15,2.72727445409376,3.17608370712463,2.80766640856028,1,1,-0.04816913
31,8,15,0.936322516830474,1.77625001131437,1.39882525632107,1,1,0.46955839311704
31,9,15,0.525410272613281,0.696814742614127,0.560677489234845,2,0,-0.297943742
31,10,15,0.133686956209783,1.42334880972099,1.14227817812802,2,0,0.484294202877209
31,11,15,0.900143680975097,1.33044830788832,1.18168200697629,1,0,0.0613202322274446
31,12,15,0,0.391075851840383,0.350629692873083,2,1,0.0664176603313535
31,13,15,0.167391812196001,0.895317574659449,0.577586288118593,2,0,0.392174154985696
31,14,15,0,0.945735427508962,0.85765386636892,1,1,0.260077799903229
31,15,15,2.39091158343759,2.84630344503292,2.45180107542134,1,0,-0.264612161
32,1,36,0,0.337765493663028,0.0725516166075181,1,1,-0.370001708
32,2,36,0,1.61570866770091,0.45362926979015,1,1,-0.291227428
32,3,36,0,0.55754925215379,0.0533643221127127,1,0,0.488197135040537
32,4,36,0,0.424246219897127,0.129843065237313,2,1,-0.451575664
32,5,36,0,0.643260525052852,0.0726395025970254,2,0,0.491382038220763
32,6,36,0,0.524367506962852,0.0878204911042944,1,1,0.13532552937977
32,7,36,0.0505137254949659,0.311565962154418,0.0750290225708787,1,0,-0.012838618
32,8,36,0,0.445140307722123,0.0806396195112237,2,0,-0.059436579
32,9,36,0,1.27961102028595,0.068778845706882,1,1,0.250608764588833
32,10,36,0,0.508527619903373,0.172187089217913,2,0,0.441152347018942
32,11,36,0,1.13232892921475,0.114405840698925,2,0,0.412225977750495
32,12,36,0,0.522127416467631,0.189571615269221,2,0,0.0789227660279721
32,13,36,0,0.405453633496022,0.0925518182903144,2,1,0.419678894570097
32,14,36,0.970643162425201,1.56005366126686,1.03159458354033,1,0,0.187920038588345
32,15,36,0,0.785711189480591,0.155044396277517,2,0,0.20093140960671
32,16,36,0,0.222911028191447,0.15877901095152,2,0,-0.063091563
32,17,36,0,0.178730008265261,0.0817899175924849,2,0,0.261636929353699
32,18,36,0,0.89440586599977,0.0797907793538335,2,1,-0.14891354
32,19,36,0.0330034757492166,1.47391694053923,0.130107927148312,2,0,0.380733028054237
32,20,36,0,0.63861394757435,0.121900731267723,2,1,0.488784689689055
32,21,36,0,0.448221573119468,0.26858772514244,2,1,-0.44129501
32,22,36,0,0.933775966013682,0.0819787688557135,2,0,0.211488039465621
32,23,36,0,0.631856308763331,0.237759361379214,2,0,0.329091706313193
32,24,36,0,0.525257908252484,0.081760205714602,2,1,-0.215966684
32,25,36,0,1.87265281648117,0.0682270829472437,1,0,-0.036235301
32,26,36,0,1.59347529297529,0.0538087092688594,2,0,-0.09614244
32,27,36,0.271857366664335,0.56624620151706,0.462765934536305,2,0,0.192861402174458
32,28,36,0,1.52260046816411,0.123272520530425,2,0,-0.13602205
32,29,36,0.826555657645513,2.29340399744697,1.40830083995136,1,0,-0.333956105
32,30,36,0,0.20051594343399,0.140883461660001,1,1,0.421004556817934
32,31,36,0,0.168699439847842,0.0944930598373271,1,0,0.0560000627301633
32,32,36,0.132340992102399,2.00366399915631,0.160250001123611,1,1,0.0319661465473473
32,33,36,0.0442782267928123,0.0971986700315028,0.0938032979051238,2,0,-0.409303311
32,34,36,0,0.624149611198759,0.123927273815401,1,0,-0.131921364
32,35,36,0.0079003912396729,0.213656773430601,0.11485427837734,2,0,-0.306704251
32,36,36,0,0.202729642158374,0.11172422721366,2,0,0.304603885859251
33,1,39,0,2.62182488370885,0.992514247885244,2,1,0.302448810311034
33,2,39,0.0338701675646007,1.08817124407025,0.720926057875488,1,0,-0.119668678
33,3,39,0.078297045398622,0.58615512594135,0.550474926995663,2,0,-0.04784174
33,4,39,0.269197249319404,0.447713389791353,0.361362432608268,1,1,-0.003953842
33,5,39,0,0.423638707005835,0.231037393765867,2,1,-0.104767627
33,6,39,0.870256267445994,1.6509671191776,0.916669362922767,2,0,-0.493000014
33,7,39,0.276859074778235,0.675756478132746,0.668590419184553,2,0,0.144937318749726
33,8,39,2.74759473878751,4.46826313654733,3.08558524107984,2,1,0.386861941544339
33,9,39,0.146119223674759,1.75226951977492,1.3532030501855,1,1,0.171685470966622
33,10,39,0,0.411804441807276,0.294020074942387,1,1,-0.285221193
33,11,39,0.0926493057049811,1.03548898031459,0.354545293226408,2,1,0.29779504192993
33,12,39,1.99185494911931,2.81305913549446,2.15445437844223,2,1,-0.156786914
33,13,39,0,1.08378463884102,0.27449882482942,2,0,-0.201293071
33,14,39,0.729767246674783,2.21156839555868,1.76544203097045,1,0,0.275586304953322
33,15,39,0.555676993681118,0.721433866303414,0.60023809186825,1,0,0.223630531923845
33,16,39,0.401723753510931,2.30382846922258,1.07178616323224,2,0,0.439094730187207
33,17,39,0,2.04923285067755,0.422867824436819,1,1,-0.117732479
33,18,39,0.255364056909457,0.772376053247085,0.62550466279521,2,1,0.350845850538462
33,19,39,13.7314050309328,Inf,Inf,0,0,-0.077702319
33,20,39,0.900085926712391,1.17448982242951,1.03753428823387,2,0,-0.06868522
33,21,39,3.28714328967112,3.43936279728154,3.3420092257694,1,0,-0.380205332
33,22,39,0,1.3649089289199,0.669410714749499,2,0,0.0625617394689471
33,23,39,3.8334228320777,5.44881167615591,4.41857704153212,2,0,-0.459853141
33,24,39,0,1.01448027775635,0.658628352084887,1,1,-0.476296437
33,25,39,0.853780723155892,2.68986152286146,1.36952820734936,1,0,-0.367980055
33,26,39,1.19648775675256,1.9126796371155,1.74367557000042,1,1,-0.465809706
33,27,39,0,0.645186835413283,0.469228881771895,2,1,0.347591778729111
33,28,39,3.55777754150745,4.18964951511648,3.69768548652225,2,1,0.222204439807683
33,29,39,0.343395676860505,0.773217960550773,0.514254299433162,1,1,0.285365551011637
33,30,39,0.505400261143222,1.09464835443296,0.889346667710989,1,1,0.466295423451811
33,31,39,0.843798052477551,1.63626947711202,0.984194068972524,2,0,-0.07887298
33,32,39,0,1.0009159836498,0.493472134753598,1,1,0.439776587532833
33,33,39,0.015335126983745,0.991430788462694,0.635892477586158,2,0,-0.485106238
33,34,39,0.0500532840378582,2.52999980127637,1.56721999110896,2,1,-0.093611209
33,35,39,2.33276427010671,2.7737687788649,2.68591903366949,2,0,0.45923624956049
33,36,39,0.808548857415927,1.92951089380525,1.35209956618811,1,0,0.202724355971441
33,37,39,0,0.451461703374784,0.303918275126499,2,1,0.113665587035939
33,38,39,0.573920303469008,1.0230017080483,0.652087155755348,1,0,-0.182314011
33,39,39,0,0.770659588235331,0.362419827363439,2,0,0.472600124776363
34,1,36,0.969248685115969,2.15120189450529,1.07828920926193,1,0,0.254838664783165
34,2,36,0,1.37191587214576,0.99217398135777,1,1,-0.0223314
34,3,36,1.05575105231552,1.61837123341917,1.09195249281582,1,1,-0.145933158
34,4,36,13.800816478121,Inf,Inf,0,0,0.141459050122648
34,5,36,0.113182961647814,2.64603857308192,1.78313468420063,2,0,-0.313257304
34,6,36,0.64919505954734,1.20335146510342,1.17615937369496,1,1,-0.141092497
34,7,36,2.19182930069321,3.35090659573238,2.42583974123983,1,0,-0.436092912
34,8,36,13.7399447494593,Inf,Inf,0,1,-0.478687477
34,9,36,3.94099138631827,4.99338447157853,4.2466420542717,2,0,-0.269596271
34,10,36,0.470779798969203,0.841315415880343,0.738915763018979,1,1,0.222817315952852
34,11,36,0,1.31958640267359,0.931403921140812,2,0,-0.413070314
34,12,36,13.9705732704349,Inf,Inf,0,1,-0.176798929
34,13,36,0.888695652199057,1.44137928965551,1.33748696086296,2,0,-0.198153826
34,14,36,13.9243098885914,Inf,Inf,0,1,-0.112373125
34,15,36,0,0.706190828226084,0.70288933136464,2,1,-0.177583527
34,16,36,0.543163464778897,0.721216805420679,0.657663943968694,2,0,-0.15325222
34,17,36,2.49339368266658,4.39027771694933,2.67187008685437,2,0,-0.059763782
34,18,36,0.778019811217573,1.55481123106476,1.41328874108166,1,1,-0.179481357
34,19,36,0.121025284770992,1.62501612485378,0.950856028256014,1,0,-0.319508957
34,20,36,3.38299890849006,5.40161461390665,4.50778425128758,2,0,-0.182901191
34,21,36,13.0175974560359,Inf,Inf,0,1,0.280908094486222
34,22,36,0,1.22405625187794,0.890811053025298,1,0,0.0746605775784701
34,23,36,1.18065967925248,1.57331863043286,1.37288748092606,1,0,-0.081524285
34,24,36,1.98424453362634,2.52728842685383,2.03316403649598,2,0,0.229362489655614
34,25,36,1.19244737240162,2.05740591289607,1.89427560077947,1,0,-0.484905725
34,26,36,4.31154426703734,5.05252313008561,4.88490301889171,2,0,-0.045679787
34,27,36,13.3654021101575,Inf,Inf,0,0,-0.405785385
34,28,36,0.528210373574352,2.26746615287494,0.938649467537743,1,0,0.411417104536667
34,29,36,13.3061096479169,Inf,Inf,0,1,0.124116722261533
34,30,36,1.3688232722214,1.54678626642437,1.5198386816848,2,0,-0.03024878
34,31,36,1.71577299505041,2.28314056410717,2.02536125152151,2,1,-0.023034263
34,32,36,5.30040376732781,5.4416165929912,5.39878016040652,1,1,-0.431238157
34,33,36,0.583566436057395,0.848035350886589,0.665296277372162,1,0,-0.308064523
34,34,36,1.18106514329498,2.12994942272013,2.10069086283167,1,0,0.179802285507321
34,35,36,0.507875606113152,1.26582661050179,0.965593630328474,2,1,0.213836553972214
34,36,36,0.411326735725111,0.873426790927115,0.646852319492116,2,0,-0.21896843
35,1,34,2.67973175765028,2.75239590125917,2.74344274156907,2,1,-0.187810679
35,2,34,2.09365148720644,2.23398222326613,2.13217876057839,2,0,-0.284468513
35,3,34,0.194913136772811,0.661069106530029,0.59858299087752,2,0,-0.301409263
35,4,34,1.30867424605176,2.48189299149874,1.37324021584698,1,0,-0.267833123
35,5,34,1.16480258212412,2.38267954630982,1.92138525978342,1,1,-0.199241492
35,6,34,0.35963448872749,1.32000018735831,0.416185423655832,2,1,0.228132339660078
35,7,34,0.187605736411649,1.21746125310883,0.411901671789283,1,0,-0.44042137
35,8,34,0.0696816815855447,1.84744810571175,0.311360146289488,2,0,0.254525447497144
35,9,34,0,0.636036692166186,0.551514311637294,2,1,0.176214466104284
35,10,34,0.475406268357715,0.543430972057489,0.495584884417865,1,0,0.140388266416267
35,11,34,1.35311336635932,2.51800870616527,1.59436002200981,1,1,0.0910001846496016
35,12,34,0.668464839206153,1.20927706733163,1.05892444814754,1,0,-0.321660278
35,13,34,0.945971210690723,2.4974723282534,1.19495253662544,2,0,-0.07904407
35,14,34,13.4266326722278,Inf,Inf,0,1,-0.250101403
35,15,34,0.595894209918911,1.17854424318934,1.0996527834323,2,1,0.372020524460822
35,16,34,2.6311487982652,4.79190912072487,2.66121546773296,1,1,0.364164284430444
35,17,34,0,0.797360522630525,0.43127981625867,2,0,0.371022707084194
35,18,34,0,0.739925227755694,0.267417140683849,2,0,0.367694576038048
35,19,34,0.430861521230667,1.59437306470235,0.462073728118738,1,1,-0.445950469
35,20,34,0.639512780072758,1.33568020148236,0.897290498427685,2,0,-0.040712046
35,21,34,0,0.731417873832298,0.302932166437373,2,0,0.252232977654785
35,22,34,0.132350373081863,0.772950378225601,0.657456098254317,1,1,-0.076389141
35,23,34,1.24655844447955,2.15853268732593,1.70358714578129,2,0,0.220955717843026
35,24,34,1.53381096563282,1.99275948888364,1.90953270811347,2,0,0.0990319959819317
35,25,34,0,1.39284679021618,0.505980953293165,2,1,-0.264521138
35,26,34,0,0.777837867806566,0.47664823262875,1,0,0.4993956242688
35,27,34,0.131929829018191,0.576785607940933,0.41244663020928,2,0,0.0599211629014462
35,28,34,0.308087083743885,1.05885327999004,0.523816893201418,1,1,-0.376696053
35,29,34,0,0.741562114548865,0.349378027491561,2,0,-0.000230285
35,30,34,0.398475584553039,1.13013120790025,0.682294368253021,2,0,-0.407239232
35,31,34,0,0.813603951553714,0.270923368264459,1,0,-0.237366555
35,32,34,0.726321085746802,1.33043815279089,1.23210717805946,2,0,-0.373743775
35,33,34,1.488799843,1.73010286316228,1.58641439394838,1,1,0.108910877257586
35,34,34,1.53078664598035,2.41472009975899,1.64530083722851,2,0,-0.48401879
36,1,12,1.86229648947466,2.68392456173171,2.13274235580909,2,0,-0.205119726
36,2,12,1.19982613518761,2.07532695386011,1.84851186525646,2,0,-0.188573216
36,3,12,13.6856158815415,Inf,Inf,0,1,0.327484762994573
36,4,12,0.446968790014857,1.41628246923584,0.825255076700936,2,0,-0.402972083
36,5,12,0.407979121565463,3.0965289315076,2.47771628829931,1,0,-0.295030024
36,6,12,1.91057057621276,2.40598789123899,1.94220680594623,1,0,-0.143854445
36,7,12,0.711336807006366,2.71401284217889,1.31892373851975,2,0,0.0828437893651426
36,8,12,0.306650976417586,1.45607124611953,0.869176695094773,2,0,-0.438444564
36,9,12,13.5866904473279,Inf,Inf,0,1,-0.051613612
36,10,12,1.11911505453973,1.14549446751117,1.12320053251526,2,0,0.4153731407132
36,11,12,0.135423548182882,1.30610150722338,0.867001073219656,1,0,-0.372115688
36,12,12,13.9980861708873,Inf,Inf,0,1,0.0829805636312813
37,1,37,2.27785342918656,3.53284636213609,2.29674645911542,2,1,-0.267162746
37,2,37,1.26011087557635,1.55748016362412,1.46042318159253,2,0,-0.481887404
37,3,37,13.4976930181244,Inf,Inf,0,0,-0.363490229
37,4,37,1.7143935758456,2.29400747001807,2.03029613938756,1,1,-0.127435473
37,5,37,3.47405297838736,4.25381729252745,3.57069147754821,2,0,-0.052658943
37,6,37,0.893467837726121,1.59806864123817,1.32820508132998,1,1,-0.357656237
37,7,37,13.912449839368,Inf,Inf,0,0,-0.11737113
37,8,37,13.3592718629894,Inf,Inf,0,0,0.262246741680428
37,9,37,5.96711583057277,7.3478336975638,7.11551685190645,1,0,0.219330249354243
37,10,37,12.1118001465117,Inf,Inf,0,1,0.355279528535903
37,11,37,0.414562130791551,2.49391945951123,1.22360565576601,1,1,-0.368285616
37,12,37,1.126305885,1.94486177391285,1.61847885205727,1,0,0.128869276493788
37,13,37,3.2400103210171,4.14628682175895,3.64422124827471,2,0,0.173895559506491
37,14,37,2.57247852922818,2.91257896919205,2.79459389004984,2,0,-0.063931798
37,15,37,1.68335810556295,2.6247023386117,1.78618643592867,2,1,-0.497367251
37,16,37,0.460406985133886,2.1434200926775,1.02545245808265,2,0,-0.103653831
37,17,37,2.51269646828819,2.74032213098194,2.5964886573744,2,1,0.40339363925159
37,18,37,0,2.27002508106516,1.74820059454306,1,0,-0.166759874
37,19,37,13.9556441082276,Inf,Inf,0,1,0.418994595762342
37,20,37,13.6504049161136,Inf,Inf,0,0,0.0450568473897874
37,21,37,12.8227853082573,Inf,Inf,0,1,0.27858293405734
37,22,37,3.85318336068495,4.22681105752506,3.90982967512513,1,0,-0.256793969
37,23,37,1.82474441999085,2.83006733545073,2.72318555805838,1,0,-0.469119447
37,24,37,13.9904288618282,Inf,Inf,0,1,0.298663773573935
37,25,37,0.454771968515074,1.30349968553739,0.756248688962314,1,1,-0.208128655
37,26,37,13.7369726468018,Inf,Inf,0,0,-0.043995162
37,27,37,13.8442841399194,Inf,Inf,0,1,0.228190772235394
37,28,37,2.12670590738361,2.40926694414173,2.13132455593165,2,0,0.447765904478729
37,29,37,2.66154672844771,3.39388620221201,2.76624479965688,2,0,0.272022812860087
37,30,37,3.20211907482021,4.00547222049677,3.64738389108972,2,1,-0.103900237
37,31,37,13.3692053985227,Inf,Inf,0,0,-0.417966206
37,32,37,12.7028053505879,Inf,Inf,0,0,-0.418311571
37,33,37,6.76278468164847,7.6648148394631,7.338985732,2,1,-0.088038319
37,34,37,1.869012598,3.28405625005463,3.12485452346612,2,0,0.425383658381179
37,35,37,13.8726372910503,Inf,Inf,0,1,0.16270160372369
37,36,37,1.44399140394273,2.09694679117504,1.77747853152619,1,0,-0.259966368
37,37,37,0.756077114450646,2.22294030698452,1.85498558109187,2,1,0.183943109586835
38,1,43,13.7918595029621,Inf,Inf,0,0,-0.260832758
38,2,43,13.5465925845845,Inf,Inf,0,1,0.312367885606363
38,3,43,13.695173515026,Inf,Inf,0,1,0.378824595827609
38,4,43,0.77171067312895,3.45869651679683,1.41540710725917,2,0,0.376641670707613
38,5,43,13.2296635415993,Inf,Inf,0,0,0.40553459757939
38,6,43,3.82061971566708,4.52987473855319,4.01336922708078,2,1,-0.144408743
38,7,43,13.6274290593029,Inf,Inf,0,0,-0.405118587
38,8,43,1.05239046898694,3.21488261930172,1.22108072347755,1,0,0.0578078590333462
38,9,43,4.09649889173526,4.66845036158641,4.47980445677415,1,1,-0.398127735
38,10,43,13.8729051463362,Inf,Inf,0,0,0.402942017884925
38,11,43,13.9933756315895,Inf,Inf,0,0,-0.302294275
38,12,43,13.5643580607117,Inf,Inf,0,1,0.0838320427574217
38,13,43,13.9263090731152,Inf,Inf,0,0,-0.482104551
38,14,43,13.8070269259556,Inf,Inf,0,1,-0.35484858
38,15,43,13.2226812976617,Inf,Inf,0,0,-0.148497597
38,16,43,2.3021498262321,2.68743028802943,2.30497508796695,1,1,-0.154704542
38,17,43,13.8562983217907,Inf,Inf,0,0,-0.456878731
38,18,43,1.80119666818978,3.56616334502776,3.19916498272998,2,1,0.145589380525053
38,19,43,0.781290002400056,1.07288244715892,0.999773452811953,2,1,0.0440198390278965
38,20,43,13.7037610263902,Inf,Inf,0,0,0.331619777949527
38,21,43,2.47102438436457,3.9999373681153,2.84226893645731,2,0,0.3932873851154
38,22,43,4.25023291980124,5.28501325350918,4.37579714741714,1,1,0.405304838903248
38,23,43,13.9262310009307,Inf,Inf,0,0,0.270130429882556
38,24,43,13.7753691587124,Inf,Inf,0,0,-0.176505175
38,25,43,13.9996568989813,Inf,Inf,0,0,0.100842034211382
38,26,43,13.4130880055743,Inf,Inf,0,0,0.0309974595438689
38,27,43,3.368297292,3.79433347074604,3.42165004771654,2,0,0.0814983597956598
38,28,43,2.8736419829136,5.26556425739201,3.70439387061599,2,1,0.394219170091674
38,29,43,13.3986393017184,Inf,Inf,0,0,0.238199684070423
38,30,43,7.26001353452169,7.39558167551782,7.33830373144926,1,0,-0.41491595
38,31,43,13.2757148068269,Inf,Inf,0,1,-0.385450144
38,32,43,1.46948558084817,1.85627644499676,1.69059620465837,2,1,0.137852212181315
38,33,43,13.9948392285664,Inf,Inf,0,0,-0.024528472
38,34,43,13.7538229363026,Inf,Inf,0,0,-0.068327682
38,35,43,0.902410428870035,1.76459634274682,1.24780317958695,1,1,0.0995805882848799
38,36,43,2.2307295845523,3.13583103653309,2.76371755544237,1,0,0.365946313133463
38,37,43,2.71985612348732,3.96194892002566,3.13053550899875,1,1,-0.172607222
38,38,43,3.31925772810105,4.55501626453331,3.59573774884814,2,1,0.418637492926791
38,39,43,13.4863265567032,Inf,Inf,0,0,0.213844466488808
38,40,43,13.5868874410194,Inf,Inf,0,1,0.070127205690369
38,41,43,12.7265726094774,Inf,Inf,0,0,-0.318873481
38,42,43,2.47766755671448,2.84570874887488,2.69178777354394,2,1,-0.029978113
38,43,43,3.86571552208289,4.13065185048281,4.05266789415046,2,0,0.428349802270532
39,1,42,0,0.624909487066275,0.584733796533438,2,0,-0.245581921
39,2,42,0,1.40507752439919,0.916475161256485,1,0,0.217100638896227
39,3,42,2.44095474027729,2.80872503491513,2.5853510415147,1,1,-0.180255494
39,4,42,0,0.905204282125647,0.587872316694891,2,0,0.124111343640834
39,5,42,0,2.16105262363765,0.85434101233768,1,1,-0.110832973
39,6,42,0.419267786645746,0.612391958394694,0.57685657185391,2,0,0.470770627493039
39,7,42,13.2391396671312,Inf,Inf,0,1,-0.20960163
39,8,42,0.0602255340199918,1.44957421835241,0.585529118285896,2,1,0.333498521940783
39,9,42,0,0.631237095666534,0.427150448041243,2,1,0.180532733211294
39,10,42,0.0137549309433772,0.570697549374385,0.294706174318651,2,0,0.463702009990811
39,11,42,0.0849106058314727,0.932418068902359,0.30497197055458,2,0,0.452375083928928
39,12,42,0,0.766869913785163,0.365191197914896,2,0,-0.124107482
39,13,42,1.14921027364713,2.23187209695368,1.53391019870607,2,0,0.238235766999424
39,14,42,1.17620652819836,1.4651765448399,1.35079718425059,2,1,-0.249513278
39,15,42,1.6810891780896,2.48447301270764,1.75178725387558,2,1,-0.402804496
39,16,42,0,0.503087055382735,0.416081448456581,1,1,0.210874352604151
39,17,42,0.325923662167042,0.713329691552182,0.391949228322841,1,1,-0.120124513
39,18,42,0.245813796762377,1.10390053173052,0.484729509239023,1,1,-0.476776855
39,19,42,0,1.2906575006734,1.05091288363784,2,1,0.0463963747024536
39,20,42,0.53113152340748,1.2960959818981,0.632882825293187,1,1,-0.126914485
39,21,42,0,2.06959816337305,1.44394880952257,1,1,0.421197236748412
39,22,42,1.31704880177035,2.2058961257942,2.04601114386407,1,0,0.0375939062796533
39,23,42,0.375256267609075,1.06516015457683,0.700105732742452,2,0,-0.056333637
39,24,42,0.386336015422035,0.532972712955645,0.451993158080886,2,0,-0.15894434
39,25,42,0.674607163274145,0.994765831835053,0.765509158999286,2,1,0.33884496614337
39,26,42,5.52003896910992,6.36097669154225,6.16506937874758,2,1,-0.132126689
39,27,42,0.12773397528486,0.485234095795623,0.336895525176524,2,0,0.0808889956679195
39,28,42,1.21000125604206,1.6948495414982,1.21245562770534,1,0,-0.026983768
39,29,42,1.50875003036065,2.3829987407796,1.59868150983315,2,0,-0.276512715
39,30,42,1.12144631143184,1.46362727690012,1.29184169007182,2,0,0.0827795243822038
39,31,42,0.318067483836785,0.802769671406081,0.785272126175986,2,1,-0.333728882
39,32,42,0.399078302064395,0.87004141877861,0.464115708396336,2,0,0.197624297812581
39,33,42,1.10513042328417,1.60656689659924,1.1123955744167,1,1,-0.219941658
39,34,42,13.9553763472731,Inf,Inf,0,1,0.0863323414232582
39,35,42,0.448155751735434,2.0740172399341,0.581583480530569,1,1,-0.089080451
39,36,42,0.436497889835528,1.2983751982779,0.918692398012875,2,0,-0.017681822
39,37,42,0,0.747048623817873,0.687164597851101,1,1,0.365367808379233
39,38,42,0,0.844576856079412,0.488671547934097,2,0,0.0635898732580245
39,39,42,6.63945325638446,9.0234087809909,8.55532652003556,2,1,-0.179078075
39,40,42,1.25264952201154,1.3769506,1.34265142477055,2,0,-0.367284199
39,41,42,0,1.7402514052554,1.00192157831496,2,0,0.23432432836853
39,42,42,1.62575456682117,2.24673292965846,1.70899131991593,1,0,-0.070873959
40,1,33,1.59075438595357,2.77401316120724,1.94364444607046,2,0,0.323378775268793
40,2,33,1.20306362209604,1.64789911533863,1.28158523877169,2,0,0.260170343797654
40,3,33,0,1.16433453087913,0.656979291854899,1,1,0.150213266722858
40,4,33,0.306958416011184,0.855419210490285,0.70999580377011,1,1,0.0685603125020862
40,5,33,1.74248173816534,2.75567739156935,2.00922521718578,1,0,-0.193889892
40,6,33,0.163934254320338,0.686391696247213,0.357367306698717,2,0,-0.441492453
40,7,33,0.752617999657473,1.44739462685058,1.16158327864308,2,0,0.424709705403075
40,8,33,1.08783074998721,2.10724227055506,1.22255672114754,2,0,-0.138685876
40,9,33,0.0010052208309797,0.87096659895356,0.657210264675675,1,1,-0.22866022
40,10,33,13.9895332500636,Inf,Inf,0,1,-0.363602869
40,11,33,1.2308987345341,1.51206762565108,1.35674420223676,1,1,0.420314540155232
40,12,33,1.07927281635771,3.71692371673106,1.11831610299076,1,0,-0.104312182
40,13,33,13.8297106406645,Inf,Inf,0,1,-0.238515695
40,14,33,1.13431623269979,1.46180426882755,1.293548633,2,0,0.136630366789177
40,15,33,2.5060930115162,3.44300981075871,2.95589832287008,1,1,-0.287759656
40,16,33,0,1.29690696758436,1.08443282511398,1,0,0.426463353680447
40,17,33,0.747260230551374,1.93899415422905,1.0914084512691,1,1,-0.133673327
40,18,33,0.594487164142249,1.11891709961754,0.678200457772159,1,0,-0.266387939
40,19,33,0.086969982281759,0.99311905759497,0.345720705468679,2,0,-0.391202983
40,20,33,0.433872377937407,1.53307141855042,0.777279790128432,2,0,0.129469292238355
40,21,33,0.216382565596181,2.62412330185037,1.21274292434507,1,0,0.05607531638816
40,22,33,5.82033409662864,6.07567180921643,5.9289188556205,2,0,0.245856318157166
40,23,33,0,0.470867813543832,0.266076537565598,1,1,-0.22656539
40,24,33,0.376360318394173,1.41458449671853,0.998124282909527,2,0,-0.421027316
40,25,33,0.271880872495861,0.786753970702063,0.66386313621478,2,0,0.253349957522005
40,26,33,0.141761826845708,1.38685340943115,0.495327400893744,1,1,0.265322185587138
40,27,33,13.8309984403543,Inf,Inf,0,0,0.265570147894323
40,28,33,0.667165792143515,1.3764421842261,1.15296359059638,1,0,-0.448556104
40,29,33,0,1.22361277503179,0.702785316484989,2,0,0.406781708123162
40,30,33,1.14177150973575,2.17615299896317,1.802334756,1,0,-0.183603238
40,31,33,0,0.897149694110167,0.405920303602472,2,0,0.179203588282689
40,32,33,0.127209125165535,0.77135688398232,0.624766507433558,2,0,-0.359471814
40,33,33,0,0.923746151807618,0.53515671560547,2,0,0.0957664540037513
41,1,40,0,0.129461450003381,0.0511150840351973,1,0,0.331349467393011
41,2,40,0.227065013023093,0.529729100177065,0.294936045540072,2,0,0.0947157959453762
41,3,40,0,0.0973322925574615,0.0328875961568985,1,0,-0.377682955
41,4,40,0,1.22727560000472,0.103439685696381,2,0,0.448150237090886
41,5,40,0,0.427303924356666,0.0384380683409855,2,0,-0.054936392
41,6,40,0.0494619795686754,0.858117154030453,0.0535273902117873,1,0,0.229903291445225
41,7,40,0.0571506805280567,0.245728515169787,0.129380923060072,1,0,0.191891940543428
41,8,40,0,0.933537987950158,0.127513067012263,2,0,-0.004706527
41,9,40,0,1.7512855035134,0.48979405376316,1,0,0.439441717462614
41,10,40,0,0.352551648395698,0.0625346600295138,2,1,-0.188034492
41,11,40,0.983174161021339,1.18654708312826,1.14982620433438,1,0,0.0109032478649169
41,12,40,0.229971586025635,0.732234505680189,0.256502704550731,1,1,0.0963043328374624
41,13,40,0,1.68645961946788,0.0853924729117883,2,0,0.464862598106265
41,14,40,0,0.182789493160833,0.0531672609648172,2,0,0.223309649620205
41,15,40,0.153509872499853,0.593345336788785,0.191207543879297,1,1,0.370326091535389
41,16,40,0,0.159339870326221,0.0547623691010967,1,0,0.364319278392941
41,17,40,0,0.524268470683551,0.0699697563063648,1,1,-0.053616981
41,18,40,0.0482942664530128,0.273161905817688,0.0981894238001747,1,1,-0.179095527
41,19,40,0.0043843326915437,0.150633840829635,0.0865169871572193,1,1,0.39988050959073
41,20,40,0,0.304620187496766,0.224135782985064,1,0,0.225781858898699
41,21,40,0,0.573544715044505,0.0331544223754454,1,1,-0.070554696
41,22,40,0,0.34948552304641,0.119184318508521,2,0,0.409929201705381
41,23,40,0,0.305316639132798,0.0982400897514405,1,1,0.439824027940631
41,24,40,0,0.718799518379283,0.0751174477562005,2,0,0.465914480155334
41,25,40,0,0.227869106223807,0.153210566630252,1,0,-0.487600139
41,26,40,0.0309520433656871,0.270340605513909,0.108554812363914,2,0,0.020023007877171
41,27,40,0,0.510946928968138,0.0522571836255582,1,0,0.471708161057904
41,28,40,0,1.42872941113057,0.0969679392800489,2,1,0.299643749371171
41,29,40,0,0.687393471111959,0.0769849393302539,1,0,-0.085043606
41,30,40,0,0.743789122397912,0.0897836400737726,2,0,-0.253947398
41,31,40,0,0.622076371663666,0.0809275429144114,2,0,-0.463902454
41,32,40,0,0.147998911794275,0.037113770749185,1,0,0.177230087807402
41,33,40,0,0.184611471137032,0.054447738949395,1,1,-0.058141211
41,34,40,0.0841432090788097,0.346810198718966,0.183129470915263,1,0,-0.306970689
41,35,40,0,0.0966873362194747,0.0350536190289169,2,1,0.339685607235879
41,36,40,0,0.252203427487984,0.0355815462030683,2,0,0.309738466981798
41,37,40,0,0.111985759614999,0.0427729719804153,2,0,-0.171391445
41,38,40,0,2.22614390576694,0.0645957623222281,2,0,0.40805208333768
41,39,40,0.0650103462394327,0.543724850384261,0.282737952921795,2,0,0.162231471855193
41,40,40,0,0.0805370812304318,0.0289841801341802,1,1,-0.265287201
42,1,18,13.9535145785515,Inf,Inf,0,1,0.366572747472674
42,2,18,6.29426559760949,7.47867543450458,6.79493019889488,2,1,-0.356556931
42,3,18,1.87265615527193,2.60905010517817,2.03525467005111,1,0,0.145963150076568
42,4,18,2.26714644232786,2.45312643541044,2.28667667097387,1,1,-0.261633774
42,5,18,13.9337185311271,Inf,Inf,0,1,-0.121997142
42,6,18,2.63257666584127,3.58896213672603,2.9574537232815,2,0,0.227312456583604
42,7,18,13.5878041746445,Inf,Inf,0,0,-0.239080404
42,8,18,1.2786102492587,2.3833831550148,1.74057417027526,2,1,-0.399115106
42,9,18,13.8134576855897,Inf,Inf,0,1,-0.158177833
42,10,18,13.5254976185356,Inf,Inf,0,1,0.353166512912139
42,11,18,13.6715314474175,Inf,Inf,0,1,0.332136284094304
42,12,18,13.3657328605149,Inf,Inf,0,0,-0.352078661
42,13,18,0,1.08513372292029,0.992991484837607,1,0,0.0140020386315882
42,14,18,13.3944446187527,Inf,Inf,0,1,0.343287901254371
42,15,18,13.8739264167974,Inf,Inf,0,0,0.0946805984713137
42,16,18,13.692558513196,Inf,Inf,0,0,-0.090567063
42,17,18,13.3818078894763,Inf,Inf,0,0,-0.131194105
42,18,18,5.00253975391818,6.32787993687659,6.16496138959407,2,0,-0.472627646
43,1,12,0.574155978371805,1.12156363106788,0.869816189162108,1,1,-0.286350325
43,2,12,0.698028537549938,0.944179042114804,0.750178307599086,1,0,0.0875840429216623
43,3,12,0.7065815673931,1.49509241891311,1.36643317471238,2,0,0.0373648873064667
43,4,12,0,0.745854445251767,0.579115697325809,1,0,-0.461432358
43,5,12,0.462161118302528,1.39617189122637,1.03116780717418,2,0,0.0862060480285436
43,6,12,12.1029346699729,Inf,Inf,0,0,0.241640271386132
43,7,12,13.9679107686316,Inf,Inf,0,1,-0.415322764
43,8,12,0.0783532802015543,1.347758048,0.766509161549672,2,0,0.00144140073098242
43,9,12,0.594705243793974,1.40503217947539,1.34913058613918,1,1,-0.488033305
43,10,12,0,1.75624347001988,0.693724440364449,2,1,-0.080766047
43,11,12,12.1349345670728,Inf,Inf,0,0,-0.180364022
43,12,12,5.24440462380721,5.69638137754575,5.52573933222576,2,0,0.175627848831937
44,1,42,13.9568599605554,Inf,Inf,0,1,-0.196033968
44,2,42,1.82498265740215,2.49827198666036,2.38579335743464,1,0,0.238324391888455
44,3,42,13.329486851782,Inf,Inf,0,0,-0.086942788
44,4,42,0.852722883182478,1.5745407938117,1.06122927263468,2,0,-0.195216438
44,5,42,2.2069957914939,2.3823250392163,2.34113997748267,2,0,-0.055939542
44,6,42,2.48125241830232,2.55641326519309,2.54899783330579,2,0,-0.110869897
44,7,42,3.72768931488775,4.28605875571586,3.83678007804357,1,0,0.426637551514432
44,8,42,1.68298255895474,2.04244238407554,1.77994529006747,2,1,0.277356807840988
44,9,42,0.222586929280259,1.53527373483058,1.23678311528218,2,0,-0.401356425
44,10,42,4.13670254988671,4.50780949950056,4.37563902912498,2,0,0.484548296080902
44,11,42,2.30115668573013,3.20227890182339,2.34755900865729,2,1,0.389852434862405
44,12,42,13.9248313333987,Inf,Inf,0,1,-0.11478003
44,13,42,1.32844005594636,1.91117281123168,1.33916761318333,1,1,0.0616184279788285
44,14,42,0.949349900665593,1.3367403121035,1.26776993920636,2,0,-0.37346909
44,15,42,1.24337021022322,2.07369051350954,1.66971492795483,2,1,0.447747796075419
44,16,42,0.65132723560319,1.66662411757963,0.809753008572335,2,1,-0.296915188
44,17,42,1.08473693575234,2.00182061560801,1.27475508928525,2,0,-0.141680453
44,18,42,0.304654754609892,1.31146957339718,0.722198770606507,1,1,0.348338667536154
44,19,42,0.676380692875422,1.22648230601464,0.884442355176197,2,1,0.139785106992349
44,20,42,1.30900522953687,1.58740542506655,1.39436337952409,1,1,-0.155732992
44,21,42,0,1.06060068142715,0.789274135078604,2,1,-0.320019742
44,22,42,0.583477166925973,2.5067436027943,1.11709989548982,2,1,0.441771504469216
44,23,42,0.61612711683847,1.63115752973118,1.11973007743828,2,0,-0.45018617
44,24,42,0.606864049203509,1.49833392823738,1.27857362171099,1,1,0.00667760078795254
44,25,42,13.4613411928144,Inf,Inf,0,0,-0.377882384
44,26,42,0.758084756301201,2.52535565929923,1.31403560126808,2,0,-0.337535905
44,27,42,0.570388211883767,0.60807819433154,0.605200908573387,2,1,0.375179417664185
44,28,42,0.399651947445251,2.24645100108297,0.897325063012845,2,0,0.138600590173155
44,29,42,13.9666033345894,Inf,Inf,0,1,-0.195414242
44,30,42,0,0.95684657800467,0.749491236139638,2,0,0.419580483110622
44,31,42,13.9755814021557,Inf,Inf,0,1,-0.115156735
44,32,42,0.551649262409142,2.3687699214692,0.69249202198916,1,1,0.236258972901851
44,33,42,3.57883138543711,5.63356846428935,3.73670728119414,2,0,-0.113237635
44,34,42,12.6665960652288,Inf,Inf,0,1,0.154791259206831
44,35,42,13.71203471,Inf,Inf,0,0,-0.44259944
44,36,42,0.454160596413314,1.83213136542039,1.73670864524368,2,0,0.0562098710797727
44,37,42,1.01174917755956,1.91129798705785,1.48741946201922,1,1,-0.04774131
44,38,42,1.20692958538876,1.71420255995573,1.42088337624579,2,1,0.0178313367068768
44,39,42,1.37076497247291,1.97668472146226,1.48238894845127,1,0,-0.352614392
44,40,42,4.66434661419353,5.44536074646495,5.44362088666953,2,1,0.0990916239097714
44,41,42,13.8830807522099,Inf,Inf,0,0,-0.015684364
44,42,42,1.75213784595376,2.81098378966205,2.13708237324633,1,1,0.499524241080508
45,1,42,0.0642519586253911,0.807646155548182,0.216344488371039,2,0,-0.03161226
45,2,42,0,0.155627280240878,0.154423187215455,2,0,0.192366871749982
45,3,42,0,1.14397605781661,0.0973001000175463,1,0,0.130617130314931
45,4,42,0,0.41695189939574,0.104135725291411,1,1,0.0179565190337598
45,5,42,0,0.368494534602102,0.0943362327875122,1,1,0.00618329993449152
45,6,42,0,0.356497862820929,0.089075444482293,2,1,-0.18973023
45,7,42,0,0.84540492664547,0.0618011202470121,2,0,-0.317657632
45,8,42,0,0.71793992813201,0.0984101849686792,1,0,-0.191178301
45,9,42,0,0.333590106805786,0.101294671588727,2,1,0.485390322515741
45,10,42,0,1.06605161440777,0.0611990723462533,2,0,0.324688319582492
45,11,42,0,0.225435568019748,0.175218328455643,2,0,-0.049469483
45,12,42,0,0.498433130342614,0.101492079633562,2,0,0.043401024537161
45,13,42,0,0.320468021556735,0.142860452409051,2,1,0.424057882046327
45,14,42,0.01795798030121,0.321787916379028,0.103488873720418,1,0,0.0245101612526923
45,15,42,0,0.9625299013731,0.195986934543281,2,1,-0.005377576
45,16,42,0,0.52304666766659,0.181723011325835,1,0,0.302101743407547
45,17,42,0,1.09177685988354,0.109563163493573,2,1,0.444625786971301
45,18,42,0.114296349995133,0.799880515595678,0.205023450126907,1,0,0.431011589476839
45,19,42,0.0400500821415335,0.825034235794929,0.263720299281278,1,1,0.295106685953215
45,20,42,0,0.824042275505972,0.0729750255452325,2,0,0.247564684133977
45,21,42,0,0.100421996321529,0.0819678441721744,2,0,-0.278443487
45,22,42,0,0.894558866466296,0.130870897260177,2,0,0.0248374133370817
45,23,42,0,1.03574172868849,0.0864108806248703,1,0,-0.352499881
45,24,42,0.12792973825708,0.187597693875432,0.136488656534236,2,1,-0.282337408
45,25,42,0,0.244932027999312,0.177193772010886,2,0,0.293629266088828
45,26,42,0,0.396872371414161,0.274742001714093,1,0,0.34174185548909
45,27,42,0.0668947487138212,1.81766802237306,0.264053629018436,2,1,0.478121538413689
45,28,42,0,0.792905360418272,0.0786344165542832,2,1,-0.112606699
45,29,42,0,0.168644876917824,0.160042445488307,1,0,0.467492106370628
45,30,42,0,0.519170362015671,0.213942322472627,2,0,0.120363885769621
45,31,42,0.0198484673164785,0.217199011240155,0.136067342219621,1,0,-0.330620891
45,32,42,0,0.300324044888839,0.0982662171810237,1,1,-0.060152645
45,33,42,0.0327843553386629,0.613999772795892,0.105356803700998,1,0,-0.215566814
45,34,42,0,0.150100463535637,0.0960854115204832,2,1,-0.155423778
45,35,42,0.325398629065603,0.502005457286125,0.349440916405926,2,0,-0.48630476
45,36,42,0.35949656307605,0.66488450053987,0.595015177017434,1,0,-0.251300778
45,37,42,0,0.881458014569203,0.215260809139893,2,0,0.410031305160373
45,38,42,0.153094288383509,0.914913662157751,0.164054103995973,1,0,-0.096127943
45,39,42,0,0.651438266949213,0.076612165036413,2,1,0.449570340570062
45,40,42,0.0786919514648616,0.408001663396135,0.134638545628156,2,1,0.358526475727558
45,41,42,0,1.16051872533964,0.123239291736248,2,0,-0.170122045
45,42,42,0,0.405613947638726,0.261063909504992,1,1,-0.098396296
46,1,34,1.41395756285249,2.17290583211064,1.88008748882375,1,0,-0.382251055
46,2,34,1.13706451627957,1.93858869995046,1.40356174968426,2,0,0.311302484944463
46,3,34,0,1.77599144250828,0.49627973646622,1,1,0.153021088801324
46,4,34,0.799773983892196,1.1392787185052,0.849771103188059,1,1,0.387685902882367
46,5,34,0,1.29559282486545,0.491035488827523,1,1,-0.239839184
46,6,34,0,1.35273485717582,0.860274482578778,2,1,0.278948477236554
46,7,34,0.348506551295564,1.21520450340485,0.487939698177694,2,1,-0.348689137
46,8,34,0.568833799353699,1.57027147172558,0.896670601581578,1,1,-0.329787925
46,9,34,1.42617834590138,1.85063515319945,1.65027170920566,1,1,-0.148835111
46,10,34,0.278417028244499,1.68942439955968,0.855374772226033,2,0,0.168202099623159
46,11,34,0.753761935846954,1.26284799057574,1.23640997240326,1,1,0.489733166294172
46,12,34,1.98643891277106,2.9186712563208,2.49949703701585,2,0,0.184949308866635
46,13,34,2.23628978391694,3.34314556257815,2.26000988326167,2,1,-0.125588557
46,14,34,0.239652496529743,0.576692121569067,0.490054546647558,1,1,-0.132064742
46,15,34,1.16362780025685,1.94442512435819,1.29246911377816,1,0,-0.281857419
46,16,34,13.9509028150566,Inf,Inf,0,1,-0.030712319
46,17,34,1.2622008555712,2.25804890773284,1.37124054693058,2,0,0.119134917855263
46,18,34,1.67966033605145,2.86927817190502,2.76256227669254,1,1,0.272731337230653
46,19,34,0.442263964515928,1.30990318293096,0.790984267166008,2,1,0.123781826114282
46,20,34,13.7411882473837,Inf,Inf,0,1,0.366870555793867
46,21,34,2.1206511068034,2.4926509014457,2.33837462241852,1,1,0.00632529566064477
46,22,34,0,0.940172718795848,0.551926348265289,1,0,0.319707172224298
46,23,34,0.439865120199925,1.24106114956768,0.693676502145862,1,1,-0.298435289
46,24,34,0.222430883673951,1.83904715130086,0.557984361909629,1,1,-0.351439927
46,25,34,0.531213554765514,1.17297734944606,0.798519906354164,2,0,-0.27794034
46,26,34,0.0822671961504966,1.01086359455245,0.462188222972296,1,1,0.4334022377152
46,27,34,0.651849841212338,1.61115809290888,0.951791494897998,2,0,-0.121263888
46,28,34,0,3.13826059438011,2.35980173083964,2,1,-0.106922084
46,29,34,0.0362965555395931,0.348128450335935,0.31726601709083,1,1,0.100077657029033
46,30,34,13.2371415740788,Inf,Inf,0,0,0.468648520065472
46,31,34,0,1.08107039605485,0.620403199623496,2,0,0.162530198693275
46,32,34,2.62084127909303,5.31169995033001,3.6525737563508,1,0,0.486007779836655
46,33,34,0,0.946420118170691,0.601234351819724,2,1,-0.443556861
46,34,34,0,1.71744640163126,0.803313071111484,2,1,-0.386771369
47,1,14,0,1.17719163273679,0.370119577710189,1,0,-0.321587769
47,2,14,0,0.632787453920996,0.365372939618092,2,1,-0.01009658
47,3,14,0,0.55718623891235,0.26168856404166,1,0,-0.479016651
47,4,14,1.30623584886299,3.12201940437739,1.90030416866809,1,1,0.0317195008974522
47,5,14,0,1.00681419852645,0.648943241450902,2,1,-0.157406535
47,6,14,0.213170267175883,2.67449533971224,0.678660925138857,1,0,0.394092806382105
47,7,14,0.346662605625993,0.737474116602205,0.499707097323224,1,1,-0.384640005
47,8,14,0.271757335169241,0.448295172769576,0.298085153798583,1,1,-0.235268747
47,9,14,0.305797414388508,0.774790431817478,0.33585424143174,1,0,0.10526151699014
47,10,14,0,0.525635125781008,0.191189718968906,1,0,0.212681783596054
47,11,14,0.208069116200709,1.39606038494268,0.372943627632564,1,1,-0.393917602
47,12,14,0,1.14671562319394,0.237825992832221,2,0,0.253681389382109
47,13,14,0.370795985108315,0.48674613386246,0.375993661086308,2,0,-0.215445386
47,14,14,0.490583582214584,0.708828027026301,0.565530303611553,1,0,-0.142786122
48,1,35,0.397294363938272,0.714441783493385,0.513516858377567,2,0,-0.467783152
48,2,35,0,1.37327327107297,1.28487287373446,1,1,-0.08290525
48,3,35,13.7514592348319,Inf,Inf,0,0,-0.341001132
48,4,35,0.353113821,0.967040716162783,0.901407911271778,1,1,-0.045601841
48,5,35,1.28834582961527,1.34265857750132,1.31226814569447,2,0,0.136215979233384
48,6,35,1.24716969817591,1.41493484033918,1.34869828792577,1,1,0.0925276235211641
48,7,35,13.93732467,Inf,Inf,0,0,0.0835603480227292
48,8,35,0.658940690501423,0.961182612857611,0.885751768060696,2,0,-0.407527929
48,9,35,2.02779112498195,3.06084899342062,2.75830899095134,1,0,0.145334353903309
48,10,35,0.738079788333272,1.24867656888435,0.802958251526212,1,0,0.386100140865892
48,11,35,1.90555941163793,2.7964944868667,2.25950557982525,2,0,-0.135434035
48,12,35,0.235666960551065,1.16220219250166,0.591948697180415,1,1,0.0447320460807532
48,13,35,0.383242677324801,2.79366429639054,0.655146161848578,2,0,-0.167398037
48,14,35,0.638968703461496,1.69009846082516,1.075286076,2,1,-0.438738866
48,15,35,0.890751787815822,1.28808494247809,1.03499543984923,2,0,-0.151648758
48,16,35,2.36946467773316,3.18368761420964,2.43831813615619,1,0,-0.084679479
48,17,35,0,1.66016786739219,0.795995460945414,2,0,-0.150694003
48,18,35,0.901643919188626,2.35407075499919,1.78735851256275,1,1,0.0768726610112935
48,19,35,0.51595589656145,1.27083489339085,1.12369367889004,1,1,-0.340472579
48,20,35,4.09991462697688,4.57175751613112,4.14162547254187,1,0,-0.226911385
48,21,35,0,0.796952408116785,0.51209724710418,1,0,-0.073073501
48,22,35,0,1.44281661502066,1.01882476099298,2,1,0.39371724287048
48,23,35,0.924135470488009,3.04469439719764,2.86172481787911,2,0,0.308014009846374
48,24,35,1.10902743299346,1.35986686895456,1.35315610748707,1,0,0.0951305076014251
48,25,35,0.660597673130638,1.77635755521225,0.787347598544594,1,0,-0.168165082
48,26,35,0.759918020155593,0.997619539082362,0.776064024879862,2,1,-0.12955031
48,27,35,0.685800785948248,1.91086236363002,1.7012560730615,1,0,0.273862162372097
48,28,35,0.0872539670672268,1.09122372670555,1.04242514717129,1,1,0.0125925480388105
48,29,35,13.59311322,Inf,Inf,0,0,0.0917771845124662
48,30,35,0.0739132689742025,0.852390662022918,0.75513806782464,1,0,0.089894879842177
48,31,35,0.456868221445647,1.73160420018716,1.24417655035509,2,1,0.287719882559031
48,32,35,1.26707776303717,2.01466414056683,1.71212282433391,1,1,-0.329991226
48,33,35,4.12015025039343,4.41190931807412,4.33027017448421,2,0,0.457249840022996
48,34,35,1.50453713466975,1.65687468420689,1.56674083803476,1,1,0.388433708343655
48,35,35,0,1.6996442786509,1.18791522215335,1,1,-0.179654351
49,1,6,0.825522986415797,2.43596465615352,1.55704648235798,1,1,0.0928845575544983
49,2,6,0.529181464101642,1.01220907174883,0.683819006913936,1,0,-0.157463767
49,3,6,0.997158761094225,1.7096530986539,1.06534846343278,1,1,0.249205969274044
49,4,6,0.702563740592031,1.47450310760591,1.32369557841738,1,1,-0.408447391
49,5,6,3.18132238419402,5.38037020507034,4.92208912342721,1,0,-0.156519679
49,6,6,0.158208415054597,0.998952707376112,0.866605178991487,2,1,-0.22501821
50,1,12,0.10754391939659,0.536328936601477,0.535055560948756,2,1,-0.283767445
50,2,12,13.9143490515145,Inf,Inf,0,1,0.0706909678410739
50,3,12,0.286820395457467,2.34330427038123,0.901582857734909,2,0,-0.139984265
50,4,12,6.74486221057015,7.24642140379522,7.08887604959086,1,0,-0.197326512
50,5,12,0.334283773832241,0.686725566439487,0.609010354036104,1,1,-0.382001046
50,6,12,1.23822145437108,1.59356418197023,1.46695948212291,2,0,0.284095352748409
50,7,12,0.498366931264567,1.164718504,0.794673970248181,2,1,0.148068669252098
50,8,12,1.53815372645525,2.70021225397363,1.76537229809543,2,0,0.474433386698365
50,9,12,0.20226588472724,0.605419026666737,0.419021033978765,1,0,0.355670558288693
50,10,12,1.37158709624981,1.82397623688786,1.38721760741513,1,0,0.128872610395774
50,11,12,1.00218332065725,2.1253403291453,1.97796090021653,1,1,0.217028011800721
50,12,12,0.928614685843604,1.6540995356867,1.29783700716006,1,1,-0.345642172
51,1,39,1.0309840525427,1.80364279914815,1.78366952478213,1,1,0.406347823794931
51,2,39,13.3262775946025,Inf,Inf,0,1,-0.237794626
51,3,39,1.48357399313929,2.02254823561171,1.6919368885633,1,1,-0.268945011
51,4,39,0.813275515059841,1.58718386377188,0.827825676369354,1,0,0.14501939364709
51,5,39,2.21447208652946,2.81593403112648,2.7013929917988,1,0,-0.344807917
51,6,39,0.66741276311446,1.02342748245075,0.863183510537149,2,1,-0.160167994
51,7,39,1.02551236253713,1.8915249414046,1.79357015503327,2,0,0.0497486854437739
51,8,39,0.329878334764778,2.17830028362167,0.88197867858459,2,0,-0.156447837
51,9,39,1.89574906660785,2.38857622221416,2.18474804754953,1,0,0.270339353010058
51,10,39,1.27849355754986,3.73558133784564,1.33550431946094,1,1,0.107363732764497
51,11,39,0.967769863973272,1.99526035591009,1.4348206806238,2,0,0.250631033908576
51,12,39,13.5116518833159,Inf,Inf,0,1,0.245169450063258
51,13,39,1.70035729411276,4.36168292097232,2.07724948645982,2,0,-0.444670375
51,14,39,13.1174512135063,Inf,Inf,0,1,-0.014444404
51,15,39,0.301947029125245,2.36933476914797,0.854080846032765,2,1,0.170631234301254
51,16,39,0.311267056097295,1.67668384080507,0.898447503797243,1,1,0.459520928794518
51,17,39,0.444075201988523,1.02534214672079,0.957467800042803,2,0,-0.299444671
51,18,39,0.154622191330418,1.73193846052493,1.1941346486191,2,0,0.39196765050292
51,19,39,2.19783086132932,2.78065051917422,2.46041844538186,1,1,-0.16978269
51,20,39,13.9294388636129,Inf,Inf,0,0,0.0657038155477494
51,21,39,0.0934957619657655,1.53112269742338,0.835755856168818,2,1,-0.062269664
51,22,39,0.505644208751619,1.56653083670946,1.46273310311676,2,0,-0.261214879
51,23,39,2.97615309674266,3.53052666045461,3.03015910318893,1,0,0.120616035303101
51,24,39,0,1.27003252779351,1.14887331372641,1,0,0.183449584059417
51,25,39,12.5796942255507,Inf,Inf,0,0,0.0994086456485093
51,26,39,1.28188127810591,1.76395202403413,1.6736367957026,1,1,0.0517594632692635
51,27,39,0.358870867406949,1.62454577785203,1.62034382415897,1,0,-0.14627574
51,28,39,1.60560823426879,2.13244220388181,2.07386543858738,1,0,-0.250910759
51,29,39,1.04525811419768,1.31016785240678,1.23064914613223,1,0,0.337655589450151
51,30,39,13.4772035257792,Inf,Inf,0,0,0.273366208421066
51,31,39,0.438717008801177,0.846584800842634,0.846525684553533,2,0,0.494867268251255
51,32,39,1.09188438480006,1.50833289456534,1.43374021566555,2,0,0.267389019252732
51,33,39,13.7193575170346,Inf,Inf,0,1,0.448519243625924
51,34,39,1.21583150079632,1.74450461735869,1.67036311912375,2,0,-0.259039533
51,35,39,1.64309267331354,1.81681651556373,1.80788595386346,1,0,0.315049790311605
51,36,39,2.46359274921016,2.74366219819532,2.70623011791447,1,0,0.123131051892415
51,37,39,11.3337547692832,Inf,Inf,0,0,0.330016687279567
51,38,39,13.1412892171318,Inf,Inf,0,0,-0.208673603
51,39,39,1.69613762682522,2.2842944964392,1.75435590763726,1,0,0.116823467891663
52,1,35,0.837729354277542,2.74222548284339,0.976461245073544,2,1,-0.439815927
52,2,35,13.7865205665465,Inf,Inf,0,1,-0.395111418
52,3,35,0,2.12898387765246,0.555349518778344,1,0,0.334065317641944
52,4,35,13.9175198483604,Inf,Inf,0,0,0.496115432586521
52,5,35,5.16378740502657,6.09183207338335,5.54341642839203,2,0,-0.469391819
52,6,35,13.7258729124592,Inf,Inf,0,0,-0.144616862
52,7,35,3.02357508671906,3.13075818039867,3.04623466434064,1,0,-0.47677209
52,8,35,1.61259159148287,2.10625918925348,1.92221694337997,2,0,-0.376743444
52,9,35,0.385610375532365,1.04794073380054,0.882976397043503,1,0,0.0316984569653869
52,10,35,13.943900270242,Inf,Inf,0,0,0.307468500686809
52,11,35,0.417007416826731,0.616345759588352,0.475194639467419,1,0,-0.428420549
52,12,35,1.2487385069997,2.64139194238435,2.10502150161531,2,0,0.248661805409938
52,13,35,0,1.17773208295213,0.558961952589167,1,0,0.142853295896202
52,14,35,0.897583257618776,1.86793005297178,0.935754524123105,1,1,0.333483779104427
52,15,35,0,0.988549727904511,0.939235958620076,1,0,0.35383402556181
52,16,35,13.6067344559261,Inf,Inf,0,1,-0.070435866
52,17,35,1.25790088875675,1.35487277172962,1.30048163035969,2,0,-0.383045105
52,18,35,0.739489138084364,1.41377690986948,0.911293720850364,2,1,-0.137500822
52,19,35,1.61197176774547,3.00066997279599,1.86494410253921,2,0,0.182247021235526
52,20,35,0.419199101238105,0.961220363210896,0.927324771664693,2,0,0.275731871603057
52,21,35,2.52492836783401,3.57701288495537,3.07946369929816,1,1,0.0441152004059404
52,22,35,0,1.30940725368665,0.838112603077913,2,0,-0.118356937
52,23,35,1.11510177705355,2.3632479587333,1.66678639716461,1,1,0.324465161655098
52,24,35,2.94803126949519,3.13257008932233,3.04493176289333,2,1,0.126187563873827
52,25,35,1.55677325134621,2.35077217631953,2.04938895804885,1,1,0.183363009011373
52,26,35,0.188994741476261,1.19399650152216,0.539453238871118,1,1,0.120625970652327
52,27,35,1.00743394384246,4.43945030795218,1.90059777205648,2,1,0.266211223090068
52,28,35,0.239949748788035,1.18388492044704,0.874376478546748,2,0,0.196306075435132
52,29,35,0.396106569490634,1.41984473576597,1.28068103072549,2,0,-0.215215229
52,30,35,13.816436127334,Inf,Inf,0,1,-0.197391296
52,31,35,0,0.957344052339804,0.739041044442104,2,1,-0.214486507
52,32,35,0.0542151002957109,1.09842319377903,0.357876454767537,2,0,0.125852555735037
52,33,35,0.699418495367181,1.23770036169546,0.766621335576403,1,1,-0.44798228
52,34,35,0,0.862791612,0.486707459307456,1,1,0.2705738034565
52,35,35,0.610798079499459,0.774502984692758,0.744405264227041,2,1,-0.136357384
53,1,34,0.267364419065416,0.933013577458865,0.565159223628731,2,1,-0.037667328
53,2,34,0.713423741008055,2.96947746415955,0.836069796912812,2,0,0.0106869235169142
53,3,34,0.243570768740028,0.539023503661156,0.315119288816707,2,0,-0.080806589
53,4,34,0,0.361350721192962,0.200219988952683,1,1,0.110136142233387
53,5,34,0.0389103183807602,0.544946640923642,0.186570736347691,2,0,-0.305322536
53,6,34,0,1.08421934074568,0.208808196767248,2,1,0.359455329598859
53,7,34,0.0517540518194437,0.245365890208632,0.205737390622276,2,1,-0.354116382
53,8,34,0.706632225075737,2.19855108685772,1.1369810776954,2,0,0.0669562271796167
53,9,34,0,0.536080669590688,0.208466126449379,1,1,-0.185675303
53,10,34,0,0.461629911676484,0.347008910220921,1,0,0.0309615638107061
53,11,34,0,0.668097136055535,0.264341574880007,2,0,0.368043752387166
53,12,34,0.0311489424202591,0.851585077312675,0.233447533678616,2,0,-0.016847221
53,13,34,0.520786876783633,1.64043562479807,0.884725856535989,1,0,-0.292351712
53,14,34,0.167684096268151,0.532348439597567,0.462023462130139,2,0,-0.466561942
53,15,34,0.00706200484670969,1.29803231442118,0.56095672951407,2,1,0.129426632542163
53,16,34,0.0883352984674275,1.1802302984822,0.350006448346153,1,1,-0.35237453
53,17,34,0.335655116243288,1.82934364737923,0.371673946345929,2,0,0.17170015652664
53,18,34,0,0.662050230407572,0.389008801787392,1,1,-0.274689493
53,19,34,0.424692407107884,0.77829235589543,0.436365929794992,2,1,0.354793912032619
53,20,34,0,1.22544612822341,0.402899188484134,2,0,0.0140677280724049
53,21,34,0.390834874974949,0.77104910185175,0.423131274760858,1,0,-0.266374702
53,22,34,0.51977852637401,1.77889262716565,0.69612225820218,2,1,-0.297042534
53,23,34,0,2.29533811832283,0.639278248895317,2,0,0.0741991684772074
53,24,34,13.6432177365752,Inf,Inf,0,0,0.100147768389434
53,25,34,0.211388188947216,0.649399804928979,0.297695509982925,2,0,0.0720597247127444
53,26,34,0.447456571345664,0.840679511013372,0.560739349926527,2,0,0.182607107097283
53,27,34,0,0.336861191084608,0.238535849966331,2,0,0.0676511318888515
53,28,34,0,0.529569445821257,0.150602776145003,1,1,-0.270051768
53,29,34,0.837218608498992,1.16350966345188,1.14667678547295,1,1,-0.325695327
53,30,34,0,2.21620284939621,0.530296691138426,2,0,-0.075354476
53,31,34,0.324761690106243,0.984616608803576,0.436562573019019,2,0,0.150711935479194
53,32,34,0,0.193780104629695,0.169110377509547,1,1,-0.354071409
53,33,34,0,0.310401473427191,0.261442779346775,1,1,-0.468613562
53,34,34,0.0681984999682754,0.90383018153244,0.560334042472234,1,1,-0.145403733
54,1,45,1.95011870256346,3.13092934701221,2.11891671490953,1,1,0.340905618388206
54,2,45,13.7735760272062,Inf,Inf,0,0,0.197842477122322
54,3,45,0.760211078233677,1.72737156760183,0.943646681242096,1,0,0.276188086951151
54,4,45,0.131506676056894,1.06718117014728,0.810895862045153,2,1,0.361955827800557
54,5,45,0.82495512786009,2.16953320301975,2.04020638016728,1,1,-0.088963328
54,6,45,0.869886660906387,2.22835156031626,2.21159714305246,1,0,-0.082890734
54,7,45,13.9972761189701,Inf,Inf,0,1,-0.359873574
54,8,45,0.243281693794971,1.08707261887264,0.614083530252449,2,0,0.18747145216912
54,9,45,0.866470524999213,1.09480850277924,1.08823809831491,2,0,0.474573622690514
54,10,45,4.21886032973103,4.72151580973315,4.35821071415554,1,0,0.0231839090120047
54,11,45,0.103327132761478,1.24140425113248,0.426913188141014,2,1,-0.422075685
54,12,45,1.19414545881136,2.3568530293652,1.53919465295847,1,0,-0.152645366
54,13,45,0.993027928629859,1.80049294077313,1.04430307648925,2,1,0.413342993007973
54,14,45,0.854903743160108,2.07102564006983,0.919147305219827,2,0,-0.435278867
54,15,45,2.18325231586501,2.48540900451049,2.21185626937101,1,1,0.399149754550308
54,16,45,2.74263137378652,3.50398736288972,3.24238810432539,2,1,-0.039244222
54,17,45,0.108293466540302,1.34451438227911,0.723910054481124,1,0,0.0245971160475165
54,18,45,13.1450624709366,Inf,Inf,0,1,-0.10559546
54,19,45,0.650609526253987,1.64260889998323,0.789871448484306,1,0,-0.13190986
54,20,45,0.697032588513053,0.934779177166006,0.699366904219564,2,1,0.289886061567813
54,21,45,1.76250610642246,2.59749308179699,1.90567425951341,2,0,-0.156690043
54,22,45,13.8303010909624,Inf,Inf,0,1,0.392582505941391
54,23,45,0,1.02658814560146,0.593949653231899,2,0,0.0700586072634906
54,24,45,13.6393294559705,Inf,Inf,0,0,-0.231674559
54,25,45,0.157354261027649,2.30037925123673,2.21980764660981,1,0,0.168451735749841
54,26,45,0.211350498022512,2.28569145513441,0.530173954430144,1,0,-0.252667331
54,27,45,1.36440871487457,1.83595779600401,1.44607270669892,1,1,0.20480101602152
54,28,45,0.742859453852189,1.08361734864758,0.783629020390017,1,0,0.234024079982191
54,29,45,0.432965807595706,1.33615160354631,0.843766110217909,2,1,0.269581106025726
54,30,45,2.09326301302592,2.97529261249404,2.13886152326532,1,0,0.366934458492324
54,31,45,1.86674806676785,2.00459378513841,1.97928290247876,1,1,-0.238915636
54,32,45,1.28065355241599,1.51167987825649,1.34549007829871,1,0,0.140291196061298
54,33,45,13.2688525914615,Inf,Inf,0,0,-0.340199684
54,34,45,12.8417318282812,Inf,Inf,0,0,-0.038706344
54,35,45,1.11870363220006,1.23001291002512,1.17432653319639,2,1,0.269586348207667
54,36,45,0.638810550773001,1.21179030412332,0.796401144392198,2,0,0.131578184431419
54,37,45,0.872585658915341,1.40613522890717,0.977650573482656,2,0,-0.006085685
54,38,45,2.50499051786659,5.03915815856206,3.01211911268928,2,0,-0.161826825
54,39,45,0.492474118226624,0.712163371245793,0.676035459257099,1,1,0.276882105274126
54,40,45,0,0.659388356355435,0.399389250911395,1,1,-0.301373594
54,41,45,0,0.932488696607661,0.652559951546583,2,0,-0.289463359
54,42,45,0.112521985545754,0.57054429266364,0.561898972853477,1,0,-0.002231723
54,43,45,0.247186568404041,0.884189142662941,0.688452872897928,1,1,0.101326039992273
54,44,45,0.72446822568759,2.10599459988268,1.17630159767704,1,0,0.0230170311406255
54,45,45,1.41151772603628,1.88767265490489,1.64917926017163,1,0,-0.046739043
55,1,7,13.3108080771919,Inf,Inf,0,0,0.128146355040371
55,2,7,0,0.402189869785979,0.172917215462354,2,1,-0.418552708
55,3,7,0.633678407064918,1.53983160907979,0.906476416515386,1,0,-0.301017413
55,4,7,0,0.801769642117334,0.700601872944851,1,0,-0.405998387
55,5,7,0,0.880321960854244,0.800053516317689,1,1,-0.255143096
55,6,7,0.0917383580379253,1.85578496370147,0.811640759191309,1,1,-0.306455137
55,7,7,0.249147495254874,0.894384315216398,0.409409592089035,2,0,0.302780837286264
56,1,39,0,0.695756257331084,0.469863116691675,1,0,0.0063573713414371
56,2,39,0.223189179319888,0.571342593969262,0.417796881204758,2,0,-0.153082191
56,3,39,0.329700247151777,0.519287623697892,0.452307777963709,2,0,0.295377078931779
56,4,39,0.0534224971197546,0.489533067902359,0.186596752901194,1,0,0.253433113219216
56,5,39,0.621430506210259,1.11700790347987,0.62164803707742,2,0,-0.049960881
56,6,39,0.199789370642975,0.931567979236034,0.359801343185943,2,1,0.0764408833347261
56,7,39,0.13607494556345,0.828609129625788,0.80014671816179,2,0,-0.012694624
56,8,39,0,0.529441165716803,0.318923764612654,2,0,-0.079709509
56,9,39,0,0.57723279528082,0.362572015572319,2,0,0.0703200688585639
56,10,39,0.357653822982684,2.24349606701846,1.11026171671795,2,1,-0.128282053
56,11,39,0.276830241213394,1.11412805327561,0.971006242484005,2,1,0.141248255502433
56,12,39,0,2.91074226332312,0.751509600681079,1,1,-0.287399383
56,13,39,0,1.16167649295745,0.304509080910537,1,1,0.0135400332510471
56,14,39,1.09223968885145,2.38969132181712,1.10603971249901,1,1,0.186928018461913
56,15,39,0.09491564380005,1.36358642152728,0.189793517052476,2,0,0.129080726532266
56,16,39,0.188070273715274,0.740091440469645,0.57414393436635,2,0,0.117528790142387
56,17,39,0.132225075503811,0.863307670278412,0.712648587128226,1,1,-0.336162358
56,18,39,0,0.789868121363827,0.744150925124083,2,0,0.161804765695706
56,19,39,0.0963323106989264,1.00100563834877,0.326578792492644,1,0,-0.218020696
56,20,39,0.865138978393453,1.23322026445636,1.10135380322038,2,0,-0.193856148
56,21,39,0,0.275917680934072,0.25618842588079,1,0,-0.418730778
56,22,39,0.918882073226595,1.21942149065177,1.15452156226465,2,0,-0.306117799
56,23,39,0.558640498667955,1.09646105251969,0.79824567715484,2,0,-0.022082382
56,24,39,0.542854546899658,0.864515545177024,0.579882619768701,2,0,0.27501249150373
56,25,39,0.707958946245202,1.31794077831869,1.29447211561986,2,1,0.349586647003889
56,26,39,0,0.694981370079231,0.553024245639401,2,1,0.453600918641314
56,27,39,0.310826160942658,1.71453944305635,0.843166956296681,1,1,-0.476977814
56,28,39,0.158094483427703,1.25340222552857,0.768964061872961,2,0,-0.095457498
56,29,39,0,0.577440612462765,0.327794300538957,2,0,0.143066668417305
56,30,39,0,0.590990352905296,0.452853881488507,1,1,0.14201579708606
56,31,39,0,0.593164948259896,0.305241521088634,1,0,-0.186049992
56,32,39,0.0670814262703061,0.582512776812023,0.57240448757213,2,0,0.424661142053083
56,33,39,13.9901649284421,Inf,Inf,0,1,0.204530170420185
56,34,39,2.20922672389126,3.71506861229458,2.99773882754316,2,0,0.0589220148976892
56,35,39,0.781797514529899,1.16088487714267,0.80887133948156,2,0,0.0935308721382171
56,36,39,0,0.965008307206345,0.446442252547093,2,0,-0.287778079
56,37,39,0,0.327905167592689,0.273246973880851,2,1,-0.160266782
56,38,39,0,1.19047178601133,0.234362899613347,1,1,-0.219661903
56,39,39,0.316451193066314,3.53027390693037,0.670124254210735,2,1,0.455307686701417
57,1,16,0,1.19055469234692,0.982175525028517,1,1,0.396145704668015
57,2,16,0.161877034587218,0.443499771428807,0.432714871113962,2,0,-0.227060579
57,3,16,13.4486871701462,Inf,Inf,0,0,0.289756081299856
57,4,16,0,0.458074520332862,0.210283225170283,2,0,-0.238054055
57,5,16,0,2.0327123281427,0.182471894635584,2,0,0.132609822787344
57,6,16,0.564292855048463,1.15429611916407,0.893386711624762,2,1,0.272723162779585
57,7,16,0.181058389134705,0.578250170198685,0.564463225592779,2,0,-0.218182625
57,8,16,0.233439661096781,0.39363026083447,0.374212681568566,2,0,-0.325616837
57,9,16,0.0733668941538781,0.314014135859907,0.172375839584411,1,1,0.496689992491156
57,10,16,0,1.25366490793632,0.328707305263759,1,1,0.204310764791444
57,11,16,0.391452041433609,1.24228147038476,0.735777756535657,1,1,-0.195830233
57,12,16,0,0.414302758385843,0.38781157373888,1,1,-0.006184472
57,13,16,0.044406381668523,0.906766381874624,0.370989719037762,1,0,-0.237045718
57,14,16,0,0.914418508256686,0.346508459910842,2,0,0.0277208923362195
57,15,16,0.600636803989715,1.3857855713407,0.603306867348001,2,0,-0.191069963
57,16,16,0,1.63452905695155,0.854577488549286,2,0,0.308000664692372
58,1,37,1.47589882129866,1.69835306533675,1.57260781203527,2,1,-0.372944476
58,2,37,0.577131104959867,1.01869273012467,0.578033218669828,1,1,-0.325623229
58,3,37,1.37802384453223,3.64230193981929,1.59812706815297,1,0,-0.252725105
58,4,37,0.122189248213544,0.890308238867559,0.52986603163378,1,0,-0.052823404
58,5,37,0,1.61979267365279,0.680388875017104,2,1,-0.225348762
58,6,37,1.48722283770786,2.42748234179782,2.08215729952114,2,0,0.268226122949272
58,7,37,2.57238496302512,2.81742211708684,2.79907829281082,2,0,-0.231273722
58,8,37,0.607464616198274,2.37674045874245,1.48240777369784,2,0,0.226147098466754
58,9,37,1.11776605765211,1.53683768960285,1.1917826231635,1,0,-0.393568802
58,10,37,0.715102167588172,1.86269869534747,0.783100857420694,2,0,-0.03822005
58,11,37,0.171839545828812,0.774682609126154,0.559550033938035,2,0,-0.181552585
58,12,37,0.303420638476962,0.628902484008574,0.401781751465879,1,0,-0.422979075
58,13,37,0,0.937702869023097,0.559930663635356,1,1,-0.282783719
58,14,37,0.854197169221061,1.02754500478674,0.905388757206179,1,0,0.0216587476897985
58,15,37,0.0899531155897693,1.09870784018443,0.669621257236926,1,1,0.109608475351706
58,16,37,0.262514228360066,0.581638627113113,0.535265579981709,2,1,0.352720264345407
58,17,37,0.758400730826803,2.23308195169148,0.91806842861239,2,0,0.172340816818178
58,18,37,0,0.529357974396503,0.313859966783796,1,1,0.409427489154041
58,19,37,0.865847948896599,1.59452331802788,1.44518618903395,2,0,-0.24921479
58,20,37,0,0.744298335089285,0.715212754186174,1,0,0.130744107533246
58,21,37,0,0.482271213994777,0.342886543841488,2,1,-0.209474104
58,22,37,0.161515355141378,1.30360596716949,0.679156706395222,1,0,-0.240162196
58,23,37,0.384772889760739,1.47276352076565,1.37526608677392,1,0,-0.199121797
58,24,37,1.04153383252341,1.1665631645279,1.13105875692632,1,1,-0.14115194
58,25,37,0.46382430938766,0.620633968596763,0.572261674406877,2,0,0.475112583488226
58,26,37,12.8182700164955,Inf,Inf,0,1,-0.33932269
58,27,37,0,0.31487832730636,0.296826968869955,1,0,-0.169586177
58,28,37,0.925497152355915,1.72263418199315,1.05844690841703,2,0,0.0809893901459873
58,29,37,1.45590656300735,2.42877799597752,2.23939214468377,2,0,-0.362142155
58,30,37,1.10281768089854,2.37233755100499,2.08770817207454,1,1,0.480377894826233
58,31,37,0.389534685739732,0.577113512416786,0.498460537594172,2,0,0.136291124857962
58,32,37,0,0.944875976028753,0.743674642411814,2,0,-0.177870721
58,33,37,0.648963172899044,1.74096925548258,1.10516151058542,1,1,-0.019981553
58,34,37,13.7442401066713,Inf,Inf,0,0,0.0535272357519716
58,35,37,0.398702482376587,1.16217251942244,0.62096248958084,1,0,-0.220959658
58,36,37,2.45210711198068,3.74730757995867,2.58213675388697,1,1,0.0414910246618092
58,37,37,0.73268161198699,1.68544903995568,1.05995126467453,2,0,0.10294314334169
59,1,11,1.43716360924983,1.7925357815435,1.43815172028404,1,1,0.126732150092721
59,2,11,3.41077977362057,3.80094773732363,3.46462286550386,2,1,0.375249879201874
59,3,11,13.6339806232858,Inf,Inf,0,1,-0.123009158
59,4,11,1.20270054410667,1.50652439166316,1.21086139470814,1,0,0.468309048097581
59,5,11,13.9080551195039,Inf,Inf,0,1,0.319765808293596
59,6,11,1.11117671516942,2.99868689088111,1.29573618917092,2,0,-0.241365942
59,7,11,1.62497436070294,3.73119226086799,1.65266772355513,1,1,-0.302480962
59,8,11,0,1.07107984316678,0.685652368149492,1,1,-0.456693715
59,9,11,0.535213558494818,1.95996520150224,1.70146418003917,2,0,-0.308571738
59,10,11,0.723714012348128,1.39773875768342,1.28259209861349,2,0,0.241016506683081
59,11,11,1.45395663077345,2.69642016308513,2.00554231826577,2,0,0.153755530947819
60,1,46,1.27222361354411,2.24523245943488,1.38422142394344,1,0,-0.413416654
60,2,46,0.544405125090004,1.18693027457831,0.817767261993256,2,0,-0.440159573
60,3,46,2.29057082325343,4.08159053290615,2.31620113432394,1,0,0.434788692044094
60,4,46,1.37927632236974,2.50688566469179,2.12362500808747,1,1,0.0393360671587288
60,5,46,0.472029145998059,1.35353586562275,1.28579307662522,2,0,0.261679874965921
60,6,46,0,1.31986383125503,1.23767519875075,2,0,0.202948747668415
60,7,46,0.736935781669563,1.81799999167637,0.765266238151241,2,0,0.48403817275539
60,8,46,13.9747680001135,Inf,Inf,0,0,-0.142641717
60,9,46,2.25640683843497,2.69009112786937,2.37579280644605,1,1,-0.438682394
60,10,46,0.201615614549713,1.01446909147164,0.736843179631029,1,1,-0.414175211
60,11,46,3.50218313115259,4.53910316823116,4.13972098628868,2,1,0.199678918812424
60,12,46,1.50372107413815,3.36359110783944,1.69278692077174,1,1,0.16254514362663
60,13,46,1.11680017950286,2.29837794296003,1.23415860334474,2,0,0.134732456644997
60,14,46,0.591740470706232,0.884063095879488,0.692128106643052,2,1,0.0972239430993795
60,15,46,0.550245027735314,0.669836429159573,0.594384702258458,2,1,0.106851930962875
60,16,46,1.3040458883798,1.92709729889973,1.61294937955655,1,1,0.493650172138587
60,17,46,0.504629692294115,0.846527416723261,0.518632669263929,2,0,0.34165962622501
60,18,46,0.349264041374498,0.464547848648452,0.396164342397689,2,0,0.191203641472384
60,19,46,3.47596576077366,4.51213129152502,3.7941594061841,2,1,0.108301490312442
60,20,46,0.877865614814168,3.30795059805103,1.10546096153421,2,0,0.395713445497677
60,21,46,0.47186024065823,1.11446443873664,0.960469799509215,2,0,-0.450277057
60,22,46,3.16092401038522,3.53262396922245,3.40017149120205,2,0,0.0643502061720937
60,23,46,13.6133693881158,Inf,Inf,0,0,-0.349560519
60,24,46,0.55687190243043,1.55132191181639,0.687110144294645,1,1,-0.038647718
60,25,46,0,2.16633345264282,1.11197723593802,2,1,-0.122701105
60,26,46,0.764076974168713,2.80395334847974,1.27778069172895,1,0,0.143224658677354
60,27,46,0.303216684935028,0.536705486103306,0.498746331839515,2,0,-0.217015468
60,28,46,0.616644660455591,1.85710295979845,1.28427338255409,1,0,0.0483935298398137
60,29,46,0.190619809320197,0.704106664962551,0.340726083982213,2,1,0.0803589702118188
60,30,46,0,1.3116899474892,0.444128795488039,2,0,-0.431431552
60,31,46,12.7176676712766,Inf,Inf,0,0,0.379508861340582
60,32,46,2.22178905840982,3.15368630185266,2.46623915249127,2,0,-0.094257006
60,33,46,4.96558121363248,5.92294055735763,5.13491587761965,1,1,-0.151839787
60,34,46,0.545525249113354,1.70677155345061,0.791363761079204,1,1,0.182036478305236
60,35,46,13.8241128788591,Inf,Inf,0,0,-0.395939625
60,36,46,0,1.75070068800874,0.510581114259332,1,1,-0.363405869
60,37,46,0.508958540370172,1.05246380339832,0.599717445272342,2,0,0.462548428680748
60,38,46,13.2495638761848,Inf,Inf,0,0,0.0851962843444198
60,39,46,0.179829568759705,0.816958570989431,0.760242532774721,1,1,0.112444811500609
60,40,46,0.393042047487056,0.894795359535975,0.405628397692476,1,1,-0.48254576
60,41,46,0.320869339397177,1.41907265100846,0.732528642234145,1,0,-0.299259912
60,42,46,0,0.551340032347894,0.524783077521291,1,0,0.294619098538533
60,43,46,0.0978759335638484,0.635913470208641,0.508966726626928,1,0,0.000908248126506805
60,44,46,1.11406770149067,2.43909203148486,2.21704483017992,1,0,-0.349127371
60,45,46,0.395899367404532,1.2165119032707,0.940409465829058,2,0,-0.038737013
60,46,46,13.3913432084472,Inf,Inf,0,0,-0.433496154
61,1,40,13.6901985771001,Inf,Inf,0,0,-0.019103795
61,2,40,0.55866071768105,1.73775181633638,0.97745910776688,2,0,-0.266515177
61,3,40,0.139761847676709,1.32833360287601,0.876426644830667,1,1,0.272181451786309
61,4,40,0,1.19454189168792,0.689740059770692,2,0,0.320523808244616
61,5,40,11.2874094292212,Inf,Inf,0,1,-0.214241907
61,6,40,0.038784824414668,0.638386723667357,0.475206307007149,2,0,-0.283133092
61,7,40,2.67804046264745,3.38525641042512,2.74537911858593,2,0,-0.498048011
61,8,40,0.0645115877972206,0.676045714344802,0.584757136276928,2,0,0.349122457904741
61,9,40,1.26346343683772,1.49277496686122,1.39106220720429,2,0,0.277385007590055
61,10,40,0,1.87057233125645,0.433736757829565,2,0,0.123613744275644
61,11,40,0.575796677780809,2.04538654439458,1.05678718970236,1,1,0.128398441011086
61,12,40,0.458602544832229,2.52056338625628,0.557461256260441,1,1,0.408283228753135
61,13,40,0.487273655112317,1.27714553975335,0.670216264238756,2,0,-0.197702299
61,14,40,2.63023038375417,2.95611420440713,2.91612089209154,1,1,-0.134968607
61,15,40,0.392048258313394,0.847099139412923,0.699596285184814,2,0,-0.331027714
61,16,40,8.402137498647e-05,0.706963387522219,0.693487536443883,1,1,-0.465633132
61,17,40,13.8038939346382,Inf,Inf,0,0,-0.180515917
61,18,40,0.108418486718337,1.59190293736202,0.538992539165981,2,1,0.0460507092066109
61,19,40,1.69168758947166,3.44109353889074,1.86303779270091,2,0,0.00236659543588758
61,20,40,0,1.60042726985159,0.648804755605033,1,0,-0.37457385
61,21,40,0.155154004925862,1.01841233037868,0.99625649933989,2,0,-0.30741812
61,22,40,0.788156807874909,1.87541059142981,0.875519433792409,2,1,0.482856756541878
61,23,40,0,0.62639334516362,0.504450434020359,2,0,0.0808248841203749
61,24,40,0.0434350485782738,0.37155376401354,0.36582536123508,2,0,0.453700540587306
61,25,40,0,0.850524838971806,0.344976971417744,2,0,0.0529483524151146
61,26,40,0.332689969101921,0.980078247587612,0.495038080804046,2,0,-0.391993603
61,27,40,0.30988024151884,0.454400246730074,0.417178450990495,2,1,-0.425905367
61,28,40,0,1.26798859697984,0.577972510148581,1,0,0.119349080137908
61,29,40,0.404394499936557,1.0341486702253,0.841316658636701,2,0,0.273397440090775
61,30,40,1.25585540564017,2.18533267629075,1.46732312768299,2,1,0.100268043810502
61,31,40,12.9666394299902,Inf,Inf,0,0,-0.439963743
61,32,40,0,0.601332306124429,0.326540579357124,2,1,0.26618475257419
61,33,40,0.833755713133424,1.73925780518464,1.13438226026403,2,0,0.417277809698135
61,34,40,1.47687757129323,1.89465866210174,1.65238030236097,2,1,0.27913117595017
61,35,40,1.53944472473333,2.13052477795611,1.87858140912619,2,0,0.485160025302321
61,36,40,0.431472819277501,0.755251493051133,0.687249280783642,2,0,-0.251172928
61,37,40,13.5535722470669,Inf,Inf,0,0,-0.390549535
61,38,40,1.16380350310811,1.6767075789412,1.22524473003798,2,1,0.492690534563735
61,39,40,0,1.15074525860356,0.387096991593061,1,1,0.281879869289696
61,40,40,0.480712610897803,1.98933481383603,0.648788481294965,1,1,0.169465821469203
62,1,10,0.446650043129921,1.03748623465881,0.734937870397109,1,1,0.237404691288248
62,2,10,0,1.36985049111055,0.191348762654067,1,1,0.249594896566123
62,3,10,0,0.693379905032826,0.283946041831795,1,0,-0.330341212
62,4,10,0,2.34414852584217,0.292079812465423,2,0,-0.392228928
62,5,10,0.141475145472214,0.969898700439272,0.300551805907261,1,0,-0.151870538
62,6,10,0,0.259211821015924,0.168206541450193,1,1,-0.046643144
62,7,10,2.19603716245595,3.58125167835464,3.16672704804094,2,1,-0.222063355
62,8,10,0.582406417509964,1.50386541939798,0.794747276643718,2,1,0.424871726660058
62,9,10,1.78387537029499,2.82001246776814,1.82890285817652,2,0,-0.383209966
62,10,10,0.0914200849365443,0.322331791277975,0.298432280127375,2,1,0.410826300736517
63,1,18,0.525100557112551,1.45753113732891,0.611033039246086,2,0,0.311556868255138
63,2,18,0.25649113230456,0.650972936505424,0.563110432137803,1,1,0.168395482003689
63,3,18,1.93854498191372,3.55048153241712,2.17690715226427,1,1,0.468503795331344
63,4,18,0.0180393618869615,0.815488660047944,0.533449320634772,1,0,0.472916220314801
63,5,18,0.84185867564469,2.38405380197497,2.38253070963011,1,1,-0.285133722
63,6,18,0,0.539950632115086,0.418675538783953,2,0,0.0943141304887831
63,7,18,0,1.31271184136378,0.332228472452652,1,0,-0.434777722
63,8,18,0.424411700086153,0.902879039249283,0.558807008709164,2,0,-0.457385029
63,9,18,0.038350234974989,0.920117890655777,0.736574106240968,2,0,-0.431110783
63,10,18,0.287054920801893,1.4040056161418,0.373349249473198,2,0,-0.421835156
63,11,18,0.507426664698869,1.77411849930169,0.575503066840573,2,1,-0.346646471
63,12,18,0.0966057435405461,0.709061997314578,0.680425576184142,2,0,-0.231190901
63,13,18,0.226343429647386,1.79311392727288,1.18503316197182,1,0,0.37712508556433
63,14,18,0.302207965296615,1.0041861709578,0.333959564707561,2,1,0.229105714010075
63,15,18,0,1.41022221735659,0.527935871692584,2,1,-0.116271017
63,16,18,0,0.950699447612179,0.290615916489676,1,1,-0.332687286
63,17,18,2.75912666932326,3.41905176736755,3.15221220508499,2,1,-0.10913707
63,18,18,0.378698660971081,0.739479664205474,0.447121170470988,1,0,0.22191985975951
64,1,14,0,0.3020265835803,0.265538152907686,1,0,0.223459935514256
64,2,14,0.619047316053204,1.13916160236925,0.623452386075037,1,0,-0.204677982
64,3,14,1.89571336180645,2.33095632108364,2.02663338827539,1,1,-0.424372111
64,4,14,1.32707654145071,2.17412225265036,2.14551030598404,1,1,0.314842416672036
64,5,14,0.416458492146289,1.26020631153311,1.17685254075271,2,0,-0.21775538
64,6,14,0.108317249454558,0.408822637982666,0.316578456233069,2,0,-0.354574955
64,7,14,0.383722203533406,0.768176082716048,0.44584822659948,1,1,-0.486271365
64,8,14,12.4643914813433,Inf,Inf,0,0,-0.064310798
64,9,14,0,1.15070656028794,0.178969310315911,2,0,-0.084664882
64,10,14,1.56374207438354,2.40277356949543,1.69673399202904,2,1,0.190103725763038
64,11,14,0,1.70440163827481,0.322118385906459,1,1,0.0310182434041053
64,12,14,0,1.31940045480834,1.06538420885068,1,1,0.0633771461434662
64,13,14,0.022077213274315,2.40906748651963,0.486885414708266,2,0,-0.157445267
64,14,14,0,0.222515838453546,0.118518031985305,1,0,0.311599145410582
65,1,35,0.196476180572063,0.922042703263852,0.606754661298952,2,1,0.252041571307927
65,2,35,0.665021708879064,1.48476459146132,0.823164214481518,2,1,0.0697328306268901
65,3,35,0.348186227146487,1.01774693802501,0.398602363228071,1,0,-0.345202812
65,4,35,0.00575747946277261,2.35490902091202,0.367816504159748,2,1,-0.335090527
65,5,35,0.18146192911081,2.91322027853888,0.711988027260645,2,0,0.00244042719714344
65,6,35,0.530417369621308,0.68073023337728,0.580861187512433,1,1,0.267834973521531
65,7,35,0,0.688894096275276,0.602238926708686,1,1,-0.224561052
65,8,35,0.297643575118855,0.617959874449298,0.364097776334413,1,1,-0.038691194
65,9,35,0.793570966638616,1.83230903013319,0.87339170503066,2,0,0.0640408804174513
65,10,35,0.521773949618339,0.887931130692666,0.537507214992486,1,0,0.125192892504856
65,11,35,0.363183360060161,0.678257725180543,0.595171926514279,1,1,-0.131329359
65,12,35,0.528728976095341,0.805819808453567,0.528784179871844,1,1,-0.436003369
65,13,35,0,0.509226927512741,0.502086575728607,1,0,-0.352032771
65,14,35,0.101982841035351,1.00404588105613,0.998276696477999,1,0,0.171905665658414
65,15,35,0.309942860156298,0.917294568361199,0.740641112742703,1,0,-0.191989368
65,16,35,0,1.60993517554345,0.190112537275886,1,1,0.323845967883244
65,17,35,0,0.435218637788153,0.252282393156431,1,0,-0.213724591
65,18,35,0,1.52420396721902,0.207417910678933,1,1,-0.221275292
65,19,35,4.22859723997063,5.01491840776273,4.4061095994178,2,0,-0.237776775
65,20,35,0.402707219495406,0.602032607560014,0.529199509075937,2,1,0.139346119016409
65,21,35,0.115210211167537,1.27961124779172,1.15955193880728,2,0,0.0320897398050874
65,22,35,0.208957227412611,2.09636040219109,1.31359879278005,1,1,0.127418889431283
65,23,35,0,0.594797466860569,0.391725577475059,1,1,-0.26338444
65,24,35,0,0.322553758742288,0.321662597710497,1,1,-0.40264523
65,25,35,0,2.58110113218395,0.470434257335181,2,0,0.297676850808784
65,26,35,1.64616175732555,2.15835959453809,1.92598956197072,2,1,0.144683413440362
65,27,35,0.00967732886783779,0.335816401988268,0.222771743380254,1,0,-0.46855494
65,28,35,0.282662038225681,0.405292785027996,0.372165744035482,1,0,0.497391317272559
65,29,35,1.61122959736197,3.32041949654372,1.91712731361734,1,1,0.346911681815982
65,30,35,0.219549017077559,2.51958334142975,0.850913785106719,1,0,-0.145159391
65,31,35,0.768400209702036,1.15269592656278,0.969101456600307,2,1,-0.495997468
65,32,35,0.136287302477285,1.57728944407756,1.1949783559116,2,1,-0.23425751
65,33,35,0,0.576915601014091,0.452722659899628,1,1,-0.158401782
65,34,35,0.491760690615686,2.03959038930291,0.520620302590366,1,0,0.204021096695215
65,35,35,0,1.03734596441956,0.36532178568738,1,1,-0.001184341
66,1,15,0.34649615607233,0.469371181603554,0.360671521023865,2,0,0.423012029845268
66,2,15,12.6610688868551,Inf,Inf,0,0,-0.251428257
66,3,15,0,2.12695141496457,1.44962775960783,1,0,-0.394512756
66,4,15,0.705942735753438,2.42630375981073,1.53950329574138,2,0,0.0985544628929347
66,5,15,0.393368258585638,3.68217552292577,0.652849659955654,1,1,-0.335064703
66,6,15,0.374603207688779,0.645808323286474,0.404966006037844,2,0,-0.210565491
66,7,15,0.741068885354136,1.7352802886867,1.02989713064059,2,1,0.174248609226197
66,8,15,1.10516624907267,1.47488384319923,1.17632000665933,1,0,0.0484324060380459
66,9,15,0.0771284860093147,2.48443886182707,0.987780044214559,1,0,-0.377767147
66,10,15,13.2814864077816,Inf,Inf,0,0,0.0591296290513128
66,11,15,0.223232958000153,1.2570912646641,0.59890720849919,2,1,-0.42164177
66,12,15,2.14969821906943,3.60044634221396,2.35253142551225,2,0,-0.250118865
66,13,15,0.0749950152821839,0.862393446217459,0.760820698376324,2,0,-0.413851838
66,14,15,0.291356480490697,0.707217433279145,0.696596731527501,2,1,-0.292658908
66,15,15,4.64261993907487,4.92453891040852,4.91722716307967,2,0,-0.4432125
67,1,43,0,1.15152259603496,0.119875039328378,1,0,0.345257727429271
67,2,43,0.0582402793224901,1.63637732310201,0.0723168890257005,2,0,0.394632838433608
67,3,43,0,0.108509632991627,0.0756878474350536,2,0,0.0817430580500513
67,4,43,0,3.13568603135368,0.0324688229321982,2,0,-0.486247073
67,5,43,0,0.867181760216963,0.0828803464256715,2,1,-0.298308359
67,6,43,0,0.275021566700752,0.0782765326231654,1,1,-0.366042746
67,7,43,0,0.151866881668809,0.0689455520283156,2,1,0.299927211599424
67,8,43,0,0.554706283358342,0.0797046193431041,2,0,-0.001849914
67,9,43,0,0.205417854478583,0.0441823892563126,1,0,0.450549904024228
67,10,43,0,1.32568574411081,0.0772463694546024,1,1,-0.164373809
67,11,43,0,1.00406005788119,0.0727317318080754,2,0,0.259540175320581
67,12,43,0,0.143560492666438,0.0924270911939773,1,1,0.352138970745727
67,13,43,0.0883886203805562,0.60933403851996,0.125226311683962,2,0,0.17442954168655
67,14,43,0,0.515881221720433,0.0252072689165651,2,0,0.45372789981775
67,15,43,0,0.782019257027873,0.0585392363234046,1,0,0.290444894693792
67,16,43,0,2.75459744859685,0.0949786971883093,2,0,0.0785597790963948
67,17,43,0.0535243269987404,0.476931191959834,0.0774175843303942,1,1,0.328724829945713
67,18,43,0,0.145288786807327,0.0726055862931533,2,0,0.384107925929129
67,19,43,0,0.782320617656124,0.0706410036645509,1,1,-0.081465044
67,20,43,0.0144851193763316,0.354359650984406,0.107091658834654,1,0,-0.165348478
67,21,43,0.0186994438722347,1.1417488138224,0.060313752894064,2,1,0.103884116746485
67,22,43,0.00949517356444902,0.443373006731025,0.0736329332101913,1,0,-0.139419808
67,23,43,0,0.377695162994881,0.116516154859586,1,1,0.14025020506233
67,24,43,0,0.458856791782236,0.139941379649396,2,0,0.0161136656533927
67,25,43,1.99776365136014,2.26784066067022,2.0531618692862,2,0,0.334341752808541
67,26,43,0,0.540064688940009,0.15970484434716,2,0,-0.304059063
67,27,43,0,0.195729654980823,0.0891425462394664,2,0,0.456907887943089
67,28,43,0,1.26928242382811,0.0695180881661169,1,0,0.342107702046633
67,29,43,0.0658739109057933,0.708091619636348,0.26734734029548,1,0,0.111677476903424
67,30,43,0,0.986726011107576,0.056016789387693,2,1,0.320443377364427
67,31,43,0,0.214749590493739,0.146959467949928,2,0,0.417118146782741
67,32,43,0,0.216922211257914,0.0487279106848071,1,1,-0.393936716
67,33,43,0,0.254904125118628,0.111924167500379,1,1,0.389470523223281
67,34,43,0,1.18538411607252,0.0554947931975977,1,1,-0.270087045
67,35,43,0.134052091278136,0.669182175283736,0.222264774876043,1,1,0.411453920882195
67,36,43,0,0.368896448498076,0.0688983522357658,2,1,-0.389754898
67,37,43,0,0.290366881527007,0.102940308201918,1,0,0.0410440738778561
67,38,43,0,0.140713715692982,0.0530318018175005,1,1,-0.358829593
67,39,43,0,0.957334100789888,0.0446769484055941,1,0,0.120478181168437
67,40,43,0,1.27381946792113,0.0426908102230229,1,1,-0.45124682
67,41,43,0,1.84597228962772,0.0797749491593824,2,0,0.0898895056452602
67,42,43,0,0.0982396998442709,0.0577151989747198,2,0,0.254868229618296
67,43,43,0,0.695489852647197,0.0639942378725501,1,1,-0.488979358
68,1,13,3.82597525779381,5.17612414324166,4.32078071340179,2,0,-0.182141683
68,2,13,3.2750018013576,3.93328723662574,3.56531555901134,1,0,0.310237905941904
68,3,13,1.80606960373349,1.87945105678751,1.81652517532402,2,0,0.273041470441967
68,4,13,2.12730588026743,3.80720297991676,2.66453398256246,2,0,0.475800381042063
68,5,13,0.469500820152462,1.45158585901828,1.02471390181451,2,1,-0.442058212
68,6,13,9.34935789286182,10.3824718930434,10.2304335955846,1,0,-0.447440002
68,7,13,1.63030536913987,2.06860153164219,1.63897753955824,1,0,0.0378727887291461
68,8,13,0,0.745907640973938,0.697457410772362,1,0,0.109391412697732
68,9,13,4.13648051078629,4.87343984576735,4.73983829012995,2,1,0.303577192593366
68,10,13,0.894416716379211,1.33409449848975,1.18320661224745,2,1,0.206615522736683
68,11,13,0,1.63073231193919,0.552093684040959,2,1,0.444486563326791
68,12,13,13.9263517071487,Inf,Inf,0,0,0.127744606696069
68,13,13,13.840109906436,Inf,Inf,0,0,-0.414960393
69,1,11,0.220295753562823,0.430410319006544,0.332413125260469,1,1,-0.361667834
69,2,11,0,0.399645243847461,0.231899457175448,2,1,0.0749367801472545
69,3,11,0,1.87112456083971,0.308181484557334,1,0,-0.144386203
69,4,11,0,0.600597219055003,0.193072940021897,2,0,0.388745643664151
69,5,11,0.157118019620758,0.535622779231804,0.217100011204453,1,1,0.192814501235262
69,6,11,0,1.32651176017927,0.108562478251801,1,1,-0.449728791
69,7,11,0,0.587517356944686,0.567276652682341,2,0,-0.34157414
69,8,11,0,0.687031204791224,0.589251995963094,2,0,-0.258870241
69,9,11,13.7479098349049,Inf,Inf,0,0,0.144500497728586
69,10,11,0.295660681789741,0.615854248404503,0.301345215219146,1,1,-0.49397065
69,11,11,0.131482364842668,1.48904486110652,0.235272273658392,2,0,-0.008284871
70,1,10,0,0.939407220068288,0.620215334383375,2,1,-0.061353152
70,2,10,1.39399211332211,2.54951333006035,1.47093079532456,2,0,-0.245469145
70,3,10,13.8669097885995,Inf,Inf,0,0,0.467822466976941
70,4,10,1.07532595557379,1.49486597572433,1.16568991070426,2,1,0.338269472820684
70,5,10,1.38239239769638,3.22143848080786,2.31271744328833,1,1,0.39515589363873
70,6,10,13.3221339498755,Inf,Inf,0,0,0.0613564900122583
70,7,10,1.94740886179844,2.17702219830009,2.15289211421028,2,1,-0.175251608
70,8,10,0.929737406266374,1.56470694991102,1.20438405879653,1,1,-0.142193722
70,9,10,0.709924391180893,1.36597781736973,1.14466938842332,1,0,0.338243159232661
70,10,10,2.46453399103744,2.536425597,2.48135038914052,2,0,-0.41581684
71,1,13,13.6592677926433,Inf,Inf,0,0,-0.112110318
71,2,13,12.8706657507396,Inf,Inf,0,0,0.362379241967574
71,3,13,13.9483544394255,Inf,Inf,0,0,-0.270457764
71,4,13,13.653322162147,Inf,Inf,0,1,0.0665168347768486
71,5,13,2.42956396270741,3.36663106776683,2.97526156091127,2,0,0.135950639145449
71,6,13,13.9410422865054,Inf,Inf,0,1,0.0606276923790574
71,7,13,5.14217432505518,6.67560412643524,5.15895093717892,2,0,-0.212518188
71,8,13,2.12831994310678,3.44336712239253,2.79749918161989,2,0,-0.498661277
71,9,13,13.6461399628016,Inf,Inf,0,1,0.170130290323868
71,10,13,13.1978194645484,Inf,Inf,0,1,-0.074847189
71,11,13,1.42686256152145,2.93246853101546,1.51785024592028,2,1,0.349806814687327
71,12,13,13.7745460948522,Inf,Inf,0,1,0.087090763496235
71,13,13,4.25896295354299,5.45704132413307,4.72473289761825,2,1,0.190253217006102
72,1,34,13.7145022889847,Inf,Inf,0,1,-0.14062126
72,2,34,0.948895469286895,1.52827294911714,1.43453861567935,1,0,-0.441532815
72,3,34,13.8487087220985,Inf,Inf,0,1,0.277727718697861
72,4,34,1.87408695968539,3.3846635206947,2.47171245543518,1,0,0.375603965483606
72,5,34,13.8613294376371,Inf,Inf,0,0,-0.451782222
72,6,34,2.27774895243123,3.30629564053611,3.240937884,2,1,-0.069369345
72,7,34,13.2733411493367,Inf,Inf,0,1,-0.339474312
72,8,34,13.7383400774032,Inf,Inf,0,1,-0.494463866
72,9,34,13.2379026815044,Inf,Inf,0,1,-0.477925619
72,10,34,2.39922190536457,4.11645234446665,3.5850004316471,2,0,-0.12065587
72,11,34,1.3106334501142,5.54371048794164,2.39869891029648,2,1,-0.211156531
72,12,34,13.9761904487343,Inf,Inf,0,0,0.138795006088912
72,13,34,2.45002769880818,3.84216093093027,2.94348355253274,2,1,-0.32738166
72,14,34,13.0298729643282,Inf,Inf,0,1,-0.015321539
72,15,34,13.946809369988,Inf,Inf,0,1,-0.448337658
72,16,34,2.83299067531088,4.38232149835031,3.61296653622065,1,1,-0.284258939
72,17,34,13.5656407792298,Inf,Inf,0,0,0.221477353945374
72,18,34,2.23113097917607,2.47129107165412,2.2820087357335,1,1,0.0852775848470628
72,19,34,5.37464782887551,6.25090251569922,5.52010917364757,1,0,0.209071341669187
72,20,34,12.1334298366262,Inf,Inf,0,0,0.43404640792869
72,21,34,12.1578022978945,Inf,Inf,0,1,-0.006087371
72,22,34,13.4570998958981,Inf,Inf,0,1,0.442764147184789
72,23,34,2.50224082066182,3.73159374836555,3.49926010485931,1,0,0.486585406586528
72,24,34,13.8415971992596,Inf,Inf,0,1,-0.243075809
72,25,34,3.98898916234895,4.56109700358868,4.28404599492828,1,0,-0.185330869
72,26,34,2.4139122949599,3.16366263507506,2.51200527342192,1,1,0.256972074275836
72,27,34,13.4170000563335,Inf,Inf,0,0,0.360848718089983
72,28,34,3.301654945,4.22641366510068,4.06275264999255,1,0,0.40548744564876
72,29,34,0.801233243620855,3.61360845178508,3.17420119107447,2,1,-0.106634308
72,30,34,10.0439837299958,Inf,Inf,0,1,0.0144732119515538
72,31,34,13.7816047464476,Inf,Inf,0,0,-0.269651515
72,32,34,4.86078242595051,7.47327802046144,5.12676569211494,1,0,-0.019006552
72,33,34,12.9220746455754,Inf,Inf,0,0,-0.194869148
72,34,34,13.8660853929098,Inf,Inf,0,1,-0.094915914
73,1,6,13.557134201067,Inf,Inf,0,0,-0.103772543
73,2,6,5.04039593639686,6.32056345358611,5.97993115945382,2,1,0.00544724962674081
73,3,6,13.7921142791957,Inf,Inf,0,0,0.38073268881999
73,4,6,1.98689735360709,2.98125171337066,2.21739348194998,1,1,-0.264396144
73,5,6,12.8141670146283,Inf,Inf,0,1,0.456797606311738
73,6,6,0.375146292042231,1.89287177826655,1.58147248262857,1,0,-0.446887217
74,1,36,0.310592867047365,0.843598422186704,0.703906742714015,1,0,0.306145362090319
74,2,36,0,0.448834471496353,0.405594635405831,1,0,-0.252717621
74,3,36,0,0.851457769433954,0.312131473666558,1,1,0.15047024586238
74,4,36,0.226130303693935,0.35508877155371,0.33989160996113,1,0,0.313802681397647
74,5,36,0.653330680126603,2.17937338358172,0.716779799309529,2,1,-0.212418972
74,6,36,0,0.430945894234927,0.27498138783119,2,0,-0.410442234
74,7,36,1.18552925479894,1.9551131989882,1.2960119098433,1,0,-0.42354145
74,8,36,0,0.865037769037199,0.591959871284013,1,0,0.234132339479402
74,9,36,0,0.711306683677149,0.687260354800755,1,1,0.468450298532844
74,10,36,0,0.997675644191814,0.95835179128307,2,0,0.163626640569419
74,11,36,0.958325639557925,1.28507271265135,1.06240487360593,2,1,-0.37183319
74,12,36,0.295350142987445,2.01692740727196,0.321604431189635,2,1,-0.293196243
74,13,36,0,1.68260777733269,0.520119776519714,1,1,0.0288222632370889
74,14,36,0,1.70991548514905,0.391060960006789,2,0,0.352741652168334
74,15,36,0.348816300330602,1.30801030296162,0.4823802304857,1,0,0.461914585903287
74,16,36,0.554693079676734,1.52877422277725,0.997687955625325,2,0,-0.000950175
74,17,36,0,1.65543036899509,0.478752901921148,2,0,-0.266641198
74,18,36,13.968702111915,Inf,Inf,0,1,-0.41760631
74,19,36,0.141892880600788,1.01892083080839,0.515087076272557,2,0,-0.415673385
74,20,36,0.300720277940854,1.31859971927935,0.543540158716331,2,0,-0.083622224
74,21,36,0.0983891531359404,1.04492096153624,0.188720831334885,1,1,0.463013791712001
74,22,36,0.913402360610148,1.8977005087606,1.40573363891366,2,0,-0.288755861
74,23,36,0,2.31145607853744,1.03314146390162,1,0,0.492286358261481
74,24,36,0.839134897467709,2.14006757207342,1.23577615201157,2,0,0.268570123240352
74,25,36,0.189497631276026,0.496495882980525,0.299971720392485,1,1,0.249932843027636
74,26,36,0,4.10289739514879,0.797832238901023,2,0,0.0793370183091611
74,27,36,0.154485612464045,0.476975594934915,0.424809323791358,2,0,0.151168438373134
74,28,36,0.878039149099598,1.73706706003519,1.15434752590421,1,0,-0.089239144
74,29,36,0.312886968022212,0.615489462623373,0.350758330342975,2,1,0.411427198909223
74,30,36,0,1.17085539263891,0.258033541370678,1,1,0.494922925485298
74,31,36,0.229292237665504,1.93976012748646,0.476355348497701,2,1,-0.468083389
74,32,36,0.374775647164738,2.03980865598398,1.24333204875859,1,1,-0.320584444
74,33,36,0,0.482890292049801,0.339527708142461,1,1,-0.076573743
74,34,36,0.940160820524936,1.26151642974818,1.01456046831139,1,1,0.326233505969867
74,35,36,1.35702217270838,2.73658304090116,1.72392814054136,2,0,0.358085321029648
74,36,36,0,0.295154493069276,0.260014040803477,1,1,-0.103856251
75,1,12,0,0.0175651486497372,0.00995484591542254,1,1,-0.374204983
75,2,12,0,0.171143527142704,0.0252069541614037,1,1,0.0515675456263125
75,3,12,0,0.502459792572991,0.0376533089144507,1,1,0.0399233400821686
75,4,12,0,0.466005796545601,0.0171407725257388,1,1,0.301013640128076
75,5,12,0,0.286174894543365,0.0115270276993742,1,0,0.357845936669037
75,6,12,0,0.0256977089526171,0.0119079652589068,1,1,-0.378608502
75,7,12,0.0651113821659237,0.578326091847798,0.194858889508005,1,0,0.369169169571251
75,8,12,0,0.292349238879979,0.00798328079509381,1,1,-0.160720494
75,9,12,0,0.0869301289785653,0.0334827944967082,1,1,0.217305642087013
75,10,12,0,0.130504466127604,0.0270693675786107,1,1,-0.105817733
75,11,12,0,0.125726844535418,0.0221098071652953,2,0,-0.336569665
75,12,12,0,1.26325716914154,0.0157846864650276,2,0,0.450742208166048
76,1,38,0,1.23263569228835,0.113570340486407,2,0,0.415490637533367
76,2,38,0.169193830738589,0.885418494587478,0.294010667850927,1,1,-0.090322971
76,3,38,0,0.273152760928497,0.140619176323105,1,1,-0.345631442
76,4,38,0.0829249567562737,1.12796671276683,0.629289478239525,1,0,-0.390936236
76,5,38,0,1.06997825703716,0.127832165230095,1,1,-0.071158785
76,6,38,0.777989629405469,1.32012873581458,1.22510333352447,2,0,0.162674713181332
76,7,38,0.816536094020021,1.44131284061106,0.915774231534031,2,0,0.183423036476597
76,8,38,0,1.01113346307994,0.251032328812972,2,0,-0.27972635
76,9,38,0,0.528999221955842,0.203233082988862,1,1,-0.423112297
76,10,38,12.0067573496476,Inf,Inf,0,1,0.438281626673415
76,11,38,0.70470429615988,1.02225807713284,0.718657837013538,1,1,0.23422739119269
76,12,38,0.0145385006908327,0.513635679077316,0.460769237573658,1,0,0.127901425119489
76,13,38,0.196569544496015,0.251729970565066,0.226449363633906,1,1,-0.005243505
76,14,38,0,0.592019853626794,0.137573900899753,2,0,0.000236331950873137
76,15,38,0,0.407945469133247,0.142235062712228,2,0,0.112034025136381
76,16,38,0,0.640673655529922,0.297113028586886,2,1,0.0495340027846396
76,17,38,0,0.412506625500923,0.314263002362527,1,1,0.399759773164988
76,18,38,0.265517073181029,0.437118175868447,0.339988891141647,2,0,-0.117639625
76,19,38,0,1.84899595648724,0.320719687140942,1,0,-0.409491649
76,20,38,0.229958798270673,0.447199104819447,0.284839112795434,1,0,-0.379909942
76,21,38,4.41339313500786,6.0343662115952,4.5843227201361,1,0,-0.437519636
76,22,38,0,0.249075494939461,0.214982467652479,2,1,-0.173175466
76,23,38,0.458499869448549,0.855003634513545,0.628243095074246,1,1,-0.274983818
76,24,38,0.269513267790899,1.14348994609773,0.508900476194001,1,1,0.403245842084289
76,25,38,0,0.453996252135366,0.289014464628989,1,0,-0.465255291
76,26,38,0.0207357837352902,0.646751488305113,0.209773230673135,1,1,-0.022102139
76,27,38,0,0.696547593019768,0.252548486541346,2,1,0.166873204987496
76,28,38,1.57389291204637,2.3009690706825,1.79986948747912,2,0,-0.435313012
76,29,38,0,0.600758942754424,0.481191143381254,1,1,0.184252692386508
76,30,38,0,0.549251967813564,0.478098590603735,2,1,-0.169831764
76,31,38,0.14773680214063,1.61375130469068,0.528511429971109,1,0,-0.075322168
76,32,38,0,0.810362394361699,0.438486323216101,1,0,0.155025061452761
76,33,38,0,0.568130005130029,0.265252391521352,2,1,0.205775264650583
76,34,38,0,0.402627022915936,0.123518929913421,2,0,-0.000256562
76,35,38,0,0.467619432548827,0.194822343425224,2,0,0.20162355597131
76,36,38,0.350317394496103,1.07847047868877,0.637266375628094,2,0,0.299035843694583
76,37,38,0,0.606382785343981,0.209042737372318,1,1,-0.146989122
76,38,38,0,1.05729202081667,0.833622675690833,2,1,0.440507216611877
77,1,9,0.137185587082058,1.29213246689216,0.837762952416863,2,0,-0.098563422
77,2,9,2.41867807545361,3.03629731562344,2.83393446955502,2,0,-0.077282983
77,3,9,1.47868072332036,2.12500942959366,1.69303505162181,2,0,0.293532858369872
77,4,9,2.27628401840541,2.92991578610812,2.78453219311203,1,0,-0.206543658
77,5,9,13.6810974220607,Inf,Inf,0,0,-0.207202809
77,6,9,0,1.03280752148004,0.82528628648777,2,0,0.206750756828114
77,7,9,13.3494745522603,Inf,Inf,0,1,0.143466570880264
77,8,9,13.5971038756941,Inf,Inf,0,0,0.113399823894724
77,9,9,13.9803356374823,Inf,Inf,0,1,-0.270373354
78,1,35,12.1196787077263,Inf,Inf,0,0,-0.467849785
78,2,35,0.257708711316809,0.901850048664442,0.646230965542016,2,0,-0.10599714
78,3,35,0,1.60560088596287,1.57160551892643,1,0,-0.326844778
78,4,35,0.254174777306616,0.961341868810197,0.313776072552307,2,1,-0.367239035
78,5,35,2.24281535634682,3.40207991291955,2.80745809424127,1,0,0.221418326953426
78,6,35,0.244640833931044,1.36537909710998,0.39545115412391,2,0,0.281425324268639
78,7,35,1.10176941379649,1.81026645652218,1.2176815745834,2,0,-0.331604103
78,8,35,0,0.598215492353167,0.215236463865167,2,1,-0.26694336
78,9,35,1.64629166134337,2.23546668399523,2.20869913249547,1,0,-0.476608903
78,10,35,0,0.873842686372709,0.402542626056054,2,1,0.00493963807821274
78,11,35,0.494822001153791,0.819900313694218,0.600224399762169,2,1,-0.029417524
78,12,35,0.0109722462328088,0.594140936770327,0.211287366837108,2,0,-0.468300251
78,13,35,0.243978236305804,1.31327008431375,1.04697426470856,2,0,0.4360946577508
78,14,35,4.23158933914848,4.47357469022855,4.35946659170373,2,0,0.119591934839264
78,15,35,0,0.697745916391623,0.605482849033421,2,1,0.157705978257582
78,16,35,0,0.519279151668257,0.336329181981026,1,1,-0.166236744
78,17,35,0.208739436464384,0.895696672357103,0.236455164918852,2,1,-0.429854091
78,18,35,0.694749643772325,1.7663888434505,0.926032146961637,1,1,-0.262051995
78,19,35,0.404595031432518,1.46301942184356,0.507975572503068,1,0,0.0578697726596147
78,20,35,0.563499637159935,0.888031831688664,0.88724424837688,2,0,0.343991920119151
78,21,35,0.338890790008008,0.850495365802419,0.401252628859536,1,1,0.0839555880520493
78,22,35,0.498082442545748,2.30137270060245,0.988251019807009,2,1,0.00302340812049806
78,23,35,0,1.12846262937917,0.322060408282439,2,0,0.129712412133813
78,24,35,0.357834008035666,1.72242059131133,0.706670293676963,2,0,0.183790869545192
78,25,35,0.0998416974748618,2.89632302498873,0.213992459029888,1,1,-0.448668901
78,26,35,0.016578930487484,0.650425106825265,0.314460265183634,2,0,-0.061430455
78,27,35,0.722381074870837,1.15278640802236,0.827207749483539,2,1,-0.266275273
78,28,35,0,0.834538498851371,0.257276549897771,1,0,-0.176247267
78,29,35,0.0500807258851557,0.816402315244992,0.209035111956574,2,0,0.124722801614553
78,30,35,0,0.452585507163262,0.383161307175573,2,1,-0.028537491
78,31,35,0.424148985102169,1.38673342099995,0.621984506754515,2,0,-0.373128397
78,32,35,0.447310741732056,0.689635170830572,0.596124724883592,1,0,0.268329708604142
78,33,35,0.0480049820616841,0.499928580044267,0.479612928690975,2,0,-0.204540881
78,34,35,0.733417915138316,2.26838987688181,2.09085044784638,2,1,0.160659011220559
78,35,35,0.522649994112039,0.996189868979991,0.778157367181337,2,0,0.00362512888386846
79,1,12,0.298676375299692,1.35290686588466,1.1561195979698,2,1,-0.39428096
79,2,12,0.247626315336674,2.70877927946125,0.725079437348679,2,1,0.305374182993546
79,3,12,0.911693267736069,1.59936684482255,0.986949314555247,2,0,0.427276008296758
79,4,12,0.751113229431212,1.85037797310607,1.37177458313459,1,0,-0.092269012
79,5,12,13.5678968259073,Inf,Inf,0,0,0.330304782371968
79,6,12,0.657015486366531,1.53643816307405,1.26226760029092,1,1,-0.232014546
79,7,12,0.296262176707387,1.30937030348451,0.804259658061542,2,0,0.408807749161497
79,8,12,2.36089733466843,2.83860814280907,2.38668949645767,2,0,0.250890510855243
79,9,12,0.773896198021248,1.74322149783668,1.64327712013117,1,1,0.2588626134675
79,10,12,13.0646032890731,Inf,Inf,0,0,0.484942817594856
79,11,12,13.9183776454677,Inf,Inf,0,0,0.142835312988609
79,12,12,0.5715526153385,0.943606386597247,0.892904867296842,2,1,0.338717963080853
80,1,40,0,0.46362076698026,0.284238270171921,2,0,-0.234898133
80,2,40,1.74370387516202,2.56071234903041,2.55094827051258,2,0,0.352601136546582
80,3,40,0.227062272728221,0.301463070524473,0.296124927332333,2,0,0.0431497516110539
80,4,40,13.4013698163251,Inf,Inf,0,0,-0.30151636
80,5,40,0,0.297051260713488,0.274665999758859,1,0,0.491430897964165
80,6,40,0.614353463032699,1.17383346283333,0.955371921310382,1,0,-0.164313187
80,7,40,0.147248584362155,0.488521383660322,0.272449807439526,1,0,-0.078668725
80,8,40,0.486916357782412,0.879335750004435,0.738008353625767,1,0,0.495420794002712
80,9,40,0.507280944592735,0.67405698399753,0.507608799570496,2,0,0.15789049374871
80,10,40,0.882275088648212,1.68495688579025,1.09274998540805,1,0,0.282012867508456
80,11,40,0.113589289132506,1.31366909987511,0.35701460931197,1,0,0.381114706629887
80,12,40,0.226868400815874,0.477536267368123,0.433031539289433,1,0,-0.15528322
80,13,40,0,0.899020375401497,0.654537549497017,1,1,-0.130653994
80,14,40,0,0.532119374255043,0.303203043009207,1,0,0.171260446542874
80,15,40,0.274895953945816,0.85303009914885,0.331735585690809,2,0,-0.328265166
80,16,40,0.306944166542962,0.884562675121656,0.479305760989457,2,0,0.238218282116577
80,17,40,0.277725389585755,0.329862784952782,0.303838761112595,1,0,0.438533580629155
80,18,40,1.92413280267248,2.27474303367329,1.96923341846891,2,0,0.342898732516915
80,19,40,0.232924974057823,0.68135566076026,0.285374235219992,2,1,0.291888249106705
80,20,40,0,0.489407033172852,0.2244287744506,1,0,0.322707516374066
80,21,40,0,1.47170983619037,0.385940248882783,1,1,-0.314847716
80,22,40,0.601500810568637,0.987288449848903,0.627528656134013,2,0,0.258157637435943
80,23,40,0.118664719630033,0.336312387604266,0.334824920209371,2,0,-0.397356977
80,24,40,0,1.96234616161066,0.340384884360822,1,1,-0.018001258
80,25,40,0.0022205738350749,0.484700903741127,0.291398376337553,2,1,0.126197160920128
80,26,40,1.07134086288222,1.67499824260765,1.52084185427839,2,1,-0.337179709
80,27,40,0,0.515951456015414,0.201338825051059,2,0,-0.472572398
80,28,40,0,0.977045536930573,0.371687122200518,2,0,-0.230452733
80,29,40,0.70890414666443,0.856601449605008,0.723022755319993,2,0,-0.210016904
80,30,40,0.65470725156129,1.13879872427514,0.995530561357992,1,1,0.42713572201319
80,31,40,0,1.63585919505897,1.27992489714844,2,1,0.150448265252635
80,32,40,0,1.7116710318528,0.207143627133419,2,0,-0.047479502
80,33,40,0.333678545895964,1.24923783356782,0.415743058846489,1,1,0.313627539202571
80,34,40,0.764423623194403,0.806650659466455,0.774122235772264,2,1,0.415798800066113
80,35,40,0.581899200307308,0.969000867174145,0.923080227801641,1,0,0.466400675941259
80,36,40,0,0.483773156979537,0.259835438245695,1,1,-0.011168872
80,37,40,0,0.682652282507575,0.156716425501081,2,0,0.0536304723937064
80,38,40,0.492804076829852,1.0278679377468,0.76219145438132,1,1,0.0878296392038465
80,39,40,0.203520545968786,0.537229662761092,0.434930429051552,2,0,-0.033576465
80,40,40,0,1.19214910914408,0.161238985742259,1,1,0.217715931124985
81,1,12,3.64147315529897,3.89705545221992,3.71188917875493,2,1,-0.082987866
81,2,12,2.1570358366331,2.87652985063817,2.27818833291627,1,1,0.445292833726853
81,3,12,3.57275765890499,4.43492403471611,3.68350842770413,2,1,-0.288902387
81,4,12,13.8547337170182,Inf,Inf,0,0,-0.108083336
81,5,12,1.99041540091743,2.02014568423094,2.00604331521868,1,1,0.181094275554642
81,6,12,12.6562485558952,Inf,Inf,0,0,-0.334061536
81,7,12,13.8090506931208,Inf,Inf,0,1,-0.437723105
81,8,12,2.13570595378534,3.86785521568257,3.16208202168104,1,0,-0.432363125
81,9,12,1.40284337399745,2.26696463433488,2.03595853457839,2,0,-0.096664736
81,10,12,0.790730837245888,1.71874458383055,1.66344752917838,2,1,0.22314683906734
81,11,12,13.7313172446875,Inf,Inf,0,1,-0.110590161
81,12,12,2.43384678714195,4.15169559463125,3.4484093218737,1,0,0.0134464153088629
82,1,17,12.7600854268719,Inf,Inf,0,0,0.072457785718143
82,2,17,13.5506181445779,Inf,Inf,0,0,-0.463638806
82,3,17,2.95960188977174,3.5978221044784,3.36927688546129,1,0,-0.381545895
82,4,17,0.390833967221931,2.38924234708144,1.96630483178051,1,0,0.318277073092759
82,5,17,13.5877659913122,Inf,Inf,0,0,-0.018792729
82,6,17,1.76994793807136,3.13724665003095,2.17406430622226,2,1,-0.43872244
82,7,17,2.15788896826877,4.61892963724259,2.3249428039411,2,0,-0.484172897
82,8,17,1.52139510578456,1.76970181152251,1.54012524835772,1,1,-0.080037101
82,9,17,13.8495089702649,Inf,Inf,0,1,0.487311552977189
82,10,17,13.4629464390164,Inf,Inf,0,1,0.24497840530239
82,11,17,1.63148184742996,2.39744560655659,1.71810234831841,1,1,0.280295915203169
82,12,17,2.24937535249336,2.79942896945804,2.27301262711068,2,1,0.423695916077122
82,13,17,2.83217269471331,3.93771606687159,3.70346090230636,2,1,0.00450168899260461
82,14,17,0.538066046757108,2.99582535589827,2.22019860372606,1,0,0.216106152161956
82,15,17,13.5355939496329,Inf,Inf,0,1,0.47836427227594
82,16,17,2.2276238312059,3.72579423107096,2.37512981319126,2,1,0.491544542834163
82,17,17,13.9487735243339,Inf,Inf,0,0,-0.185972755
83,1,40,13.8640943412319,Inf,Inf,0,0,0.401381466304883
83,2,40,3.33646080165344,3.84073963281635,3.62836307362394,1,0,0.0557294143363833
83,3,40,1.86881539917592,2.19427568645257,1.97379167801455,2,0,0.0189633171539754
83,4,40,13.5633162920331,Inf,Inf,0,0,-0.401455684
83,5,40,0.875865674302814,1.98901339351046,0.891203176860963,1,0,-0.387386809
83,6,40,2.09194718456945,3.53626811415276,2.27309034732526,2,0,-0.392057783
83,7,40,12.7356364336591,Inf,Inf,0,0,0.480225477134809
83,8,40,2.18801833425916,2.38453896588505,2.24664848514291,1,1,-0.423527619
83,9,40,0,1.22803505038129,0.913162853786594,2,0,-0.351367355
83,10,40,3.84326956357767,4.39573855679205,4.05750108123986,1,0,0.216693953145295
83,11,40,0.661038096041834,0.694267943247637,0.667259701848364,1,0,0.330124682513997
83,12,40,2.27148443543094,5.21626173770689,2.95916783957238,2,0,-0.251263517
83,13,40,0.965578243928458,2.09803721847273,2.06008713700851,2,0,0.162637160392478
83,14,40,13.685661846453,Inf,Inf,0,0,0.250521631911397
83,15,40,2.36314000446663,3.27170603975492,3.0116141622934,2,0,0.451531487749889
83,16,40,4.49893200783642,4.68350195735345,4.67604949425802,1,0,-0.445252985
83,17,40,0.990464771982256,2.0011293523301,1.1100734471019,1,0,0.354848894057795
83,18,40,13.7086703604114,Inf,Inf,0,0,-0.382750881
83,19,40,1.14068982088433,2.50383923186634,1.59483348159729,2,0,-0.450930122
83,20,40,13.9136215973892,Inf,Inf,0,0,0.0397441894747317
83,21,40,1.35612878220374,1.4525155647959,1.36061654423284,2,0,-0.342449547
83,22,40,13.9982017136669,Inf,Inf,0,0,0.438581951893866
83,23,40,2.94145598119495,3.8544372892183,3.29142921212146,2,0,-0.260623456
83,24,40,13.9225784446171,Inf,Inf,0,0,0.212911595590413
83,25,40,13.8959325785774,Inf,Inf,0,0,-0.107599005
83,26,40,3.19306713821024,3.38248227339827,3.30534197608538,1,0,-0.173504223
83,27,40,1.51757289507783,1.97265648797044,1.73499440175627,2,1,0.0455879201181233
83,28,40,13.5283280890761,Inf,Inf,0,1,0.178295094985515
83,29,40,1.92471538168381,2.55581981044959,2.0582500857366,2,0,0.157527730101719
83,30,40,0.987327640582897,1.49733855078234,1.01984158090328,1,0,-0.109715662
83,31,40,1.38267223950584,3.28034152028002,1.84686478472874,1,1,-0.374823358
83,32,40,4.93536598532145,6.73833695098843,6.71909818151539,2,0,0.460169267142192
83,33,40,3.06657294033065,3.3381201823984,3.21322297029019,1,0,-0.456117318
83,34,40,13.7067304252768,Inf,Inf,0,0,0.0036245125811547
83,35,40,1.86190980708657,2.08733409947073,1.93625336079277,1,0,-0.465541685
83,36,40,13.7450957081486,Inf,Inf,0,0,0.398144836304709
83,37,40,1.30069984303074,2.56750717653397,2.06026098124153,2,1,0.235135910334066
83,38,40,2.04436389058934,2.63748513939946,2.48701481797851,1,1,-0.396169701
83,39,40,0,1.843529482,1.65041368188966,2,1,0.0742301598656923
83,40,40,0.710713959257019,1.51098954389783,1.17127748186388,2,1,-0.3623468
84,1,10,0,0.345909829018638,0.20920716032674,2,0,0.234969828743488
84,2,10,0.196716631762683,1.4420832581188,0.221196537461524,1,1,0.455341478809714
84,3,10,0.0622915206477046,1.63904994624647,0.153106188522855,1,0,-0.235807283
84,4,10,0.0702234539045469,0.217622196,0.139743776217606,2,0,-0.009907888
84,5,10,0,0.251643341500312,0.0785349423950647,2,1,0.095874092541635
84,6,10,0.0465727613773197,0.131566415075213,0.111044122906868,1,1,-0.194631619
84,7,10,0,1.90264210373837,0.538465809445428,1,1,0.0316933649592102
84,8,10,0.106384676415473,0.429556713701167,0.333583955898465,2,0,-0.429156495
84,9,10,0,0.393804366735942,0.0925046900364532,2,1,0.354672700399533
84,10,10,0,0.675562531200653,0.506254543865894,2,0,0.0286226442549378
85,1,32,13.6365368139108,Inf,Inf,0,0,0.000240952940657735
85,2,32,4.0530681494962,4.69220980639924,4.37759478158725,2,0,-0.075514775
85,3,32,13.4864729392661,Inf,Inf,0,1,0.46318151592277
85,4,32,13.8511501789566,Inf,Inf,0,1,-0.024458585
85,5,32,13.9877289638321,Inf,Inf,0,1,-0.460703534
85,6,32,13.7343697094585,Inf,Inf,0,0,0.250247575808316
85,7,32,13.4665135514425,Inf,Inf,0,0,0.150670016184449
85,8,32,13.3466942897887,Inf,Inf,0,0,0.353948915842921
85,9,32,13.6809152279418,Inf,Inf,0,1,-0.170589825
85,10,32,13.8382814485593,Inf,Inf,0,0,0.0535298392642289
85,11,32,13.7892100843036,Inf,Inf,0,0,0.224315473809838
85,12,32,13.6352982914183,Inf,Inf,0,0,-0.483763945
85,13,32,13.4605806624788,Inf,Inf,0,1,-0.028647591
85,14,32,13.7837949534244,Inf,Inf,0,1,-0.162871198
85,15,32,13.4373262963698,Inf,Inf,0,0,-0.152857584
85,16,32,2.03477835241375,2.35390251367954,2.186256707,1,1,0.446452167583629
85,17,32,13.7207624937687,Inf,Inf,0,0,0.179365868447348
85,18,32,13.9382863372279,Inf,Inf,0,1,0.306688345503062
85,19,32,13.7431869522928,Inf,Inf,0,0,0.392997881164774
85,20,32,2.69348998763878,2.89931787736993,2.77244079744088,2,1,-0.494042223
85,21,32,13.6492221865552,Inf,Inf,0,1,0.238738095154986
85,22,32,13.5944969795785,Inf,Inf,0,0,-0.303168932
85,23,32,12.6739821185138,Inf,Inf,0,0,0.290043131681159
85,24,32,13.7939667830252,Inf,Inf,0,1,-0.004446868
85,25,32,1.67561312283971,2.61730340289989,1.93198907599038,1,0,-0.004088026
85,26,32,13.9966564985315,Inf,Inf,0,0,0.450848681852221
85,27,32,13.5772178820436,Inf,Inf,0,1,-0.245696203
85,28,32,13.6057206282003,Inf,Inf,0,0,-0.05193554
85,29,32,13.1713514384358,Inf,Inf,0,0,-0.462365826
85,30,32,13.7082850533371,Inf,Inf,0,0,0.13968243310228
85,31,32,3.93146452035654,4.80093875158001,4.16520359697933,1,1,-0.247423781
85,32,32,13.0596884536625,Inf,Inf,0,1,0.313589196885005
86,1,35,13.9021681344207,Inf,Inf,0,0,-0.386357477
86,2,35,13.5786516931389,Inf,Inf,0,1,0.0690271637868136
86,3,35,13.7814733471253,Inf,Inf,0,1,0.15901741059497
86,4,35,0.562097660498694,1.15459759880551,1.01056637545994,1,1,-0.082199026
86,5,35,1.13877605562241,1.92217815764847,1.40770615622183,1,0,-0.153759157
86,6,35,2.08954922118939,2.44707901404529,2.40005058864058,1,0,-0.338342857
86,7,35,0.772446283056525,1.53071386263037,0.882442121322689,1,1,-0.343369068
86,8,35,0.401720212772489,0.829770588295019,0.554756848947458,2,0,-0.418863822
86,9,35,0.311761915683746,1.21379541135849,0.740164656598737,2,0,-0.28315121
86,10,35,2.0561959109556,2.34978705242352,2.32023058423638,1,0,0.0937405794393271
86,11,35,13.6929210814372,Inf,Inf,0,0,0.191316592739895
86,12,35,0,0.754816952938937,0.528266673632951,2,0,0.15619445219636
86,13,35,1.30218303647514,2.54563130377527,1.70253367771824,1,0,0.214438498253003
86,14,35,1.96703514688304,3.02211484678748,1.99582696065817,1,0,0.278934329
86,15,35,4.87128525824836,5.48915530684716,5.12078009562722,2,0,-0.097744376
86,16,35,0.0767123593302331,2.26120313937084,1.1476658884668,2,0,-0.024261202
86,17,35,0.651421979938179,1.10706078113053,1.07004307756166,1,1,0.0439637070521712
86,18,35,0.711308621119584,1.38664823979634,0.929368094315516,1,0,0.31774577498436
86,19,35,0.435509729960559,3.24668161164706,0.438760371874753,1,0,-0.336042677
86,20,35,0.437360681586028,0.93788769232995,0.719883345430029,2,0,0.113487486261874
86,21,35,0.310139525914565,0.818161109674207,0.573577475211561,1,0,0.134244702756405
86,22,35,0.145844044163823,0.648040133507407,0.464684542789464,2,1,0.071068337187171
86,23,35,0.187388341368015,1.23023809528832,0.663102322232429,2,1,-0.340974491
86,24,35,0.664323879384852,0.905719745184711,0.698223484778567,2,1,0.422653543297201
86,25,35,3.07361123619259,4.44223425532567,3.84026746824031,2,0,0.120360240340233
86,26,35,0.525012720384078,1.75084466388518,0.742345437695074,2,0,0.178257786901668
86,27,35,0.2852630589623,1.53571077825719,0.886101329201847,2,0,0.23798617743887
86,28,35,0,0.972807384985399,0.747819318828659,2,1,0.41737720137462
86,29,35,0.672097750918424,0.985918193801722,0.902256460848873,2,0,0.111424431204796
86,30,35,13.9663309355359,Inf,Inf,0,0,-0.197556559
86,31,35,0.896747831932685,1.47975252494672,1.18379691220232,2,1,0.496974296402186
86,32,35,0,1.37767425638841,0.57377498705017,1,0,0.321265070000663
86,33,35,3.80262921381157,4.47796708486152,3.82353848965766,2,0,-0.297108494
86,34,35,1.30040349665316,1.55341681179808,1.40398127125083,1,0,-0.260142795
86,35,35,0,1.52071572831812,1.20238198610904,2,0,-0.37769946
87,1,38,0,0.443206874632692,0.128416455730677,2,0,0.0627550377976149
87,2,38,0,0.458574864526695,0.239253078569604,1,0,-0.120196701
87,3,38,0.413687057772136,0.697327018927267,0.693712811283554,2,0,-0.399743619
87,4,38,1.57782664183411,2.40851394767879,1.67823808340801,2,0,0.290207311976701
87,5,38,0,0.293434276944026,0.207776527012344,1,1,-0.364806488
87,6,38,0,1.30268421110915,0.91536420548882,2,1,-0.24099107
87,7,38,0,0.380119213347739,0.22719702078752,2,1,0.0379126071929932
87,8,38,0,2.25787132253713,0.410009018571178,2,1,-0.133918093
87,9,38,0.259247000794858,0.677246905686151,0.27254131698549,1,1,-0.025731856
87,10,38,0.0270268246531487,0.341677902033553,0.197994518547511,2,1,-0.433673153
87,11,38,0,0.337177251232788,0.298371504758291,1,0,-0.33436845
87,12,38,0,1.75799570246947,0.0839372429739723,2,0,-0.093693416
87,13,38,0,0.39156971357525,0.0972425035954191,1,0,0.444100472610444
87,14,38,0,0.537715372608459,0.171099832756694,1,0,-0.029580751
87,15,38,0,0.672039793317622,0.443879979466573,2,0,0.162404931616038
87,16,38,0,0.753247434109298,0.24228030400837,1,1,-0.033686101
87,17,38,0.010961242254253,0.90894882120777,0.171386289794745,1,0,-0.051205576
87,18,38,0,0.113715233979747,0.105649021694448,1,1,-0.401480989
87,19,38,0.146592147182673,1.22401058457516,0.204885949675481,1,1,0.240007532760501
87,20,38,0,0.244571593822911,0.127687119007479,1,1,-0.079457666
87,21,38,0.249588381033391,0.337624076263214,0.288757877787996,2,0,0.306050705257803
87,22,38,0.592618201917488,1.51933741571137,1.04740185347124,1,1,0.0928698573261499
87,23,38,2.29565960801013,2.84592404473771,2.49915713368261,2,0,-0.14163371
87,24,38,0.0857611773535609,0.80794594805212,0.214405560726151,1,1,-0.351360451
87,25,38,0,0.206731748534366,0.18427636658118,2,1,-0.491595777
87,26,38,0.252579414052889,1.12981016627037,0.429328103541576,2,0,-0.123165534
87,27,38,0.166037750162977,0.61991384314961,0.174373984810739,1,0,-0.201269968
87,28,38,0,1.60409253454747,0.0977547060387837,1,0,-0.070618954
87,29,38,0,0.388505915394952,0.122965957141518,1,1,-0.485910362
87,30,38,0,0.625397834440178,0.215086898626932,2,0,0.350317826494575
87,31,38,0,0.877077431375992,0.112773799886177,2,0,-0.084635762
87,32,38,0.629283500782423,1.24409021235275,0.680549795584116,2,1,0.201456789392978
87,33,38,0,0.262647952651605,0.150264963472658,1,1,0.359355452237651
87,34,38,0,0.186709079394264,0.156083524943545,1,0,-0.029307971
87,35,38,0.125421250006184,0.717383532977449,0.17967102938306,2,0,-0.155668373
87,36,38,0.125018419927975,0.251018508148183,0.14265288844181,1,0,0.466177388560027
87,37,38,0.0134446662850678,2.43456217494298,0.118993832327017,1,1,-0.046318809
87,38,38,0,1.04192428377675,0.409845472527897,1,1,0.290481986710802
88,1,35,0.527048500233746,1.56603361287372,1.16654996594269,2,1,0.285937470151111
88,2,35,0,1.07381271503038,0.524748122474922,2,0,0.0936824707314372
88,3,35,0.699708781670779,1.33953161442415,0.761644731408048,2,0,0.109574022004381
88,4,35,0.0835986530873924,1.44537594465757,0.294864181848946,2,1,0.409679410746321
88,5,35,0.049446965940857,2.02131498445555,1.0829632350873,1,0,0.0498597528785467
88,6,35,0.901471090016371,1.72235526184769,1.04847260184391,1,0,-0.19813266
88,7,35,0,0.868707493836892,0.530030435121427,2,1,0.452659599948674
88,8,35,0.410590104272074,1.27122306305202,0.524709590100591,2,0,0.0630408353172243
88,9,35,1.19045231139981,2.02694972282496,1.30553946588846,2,0,-0.158872199
88,10,35,0,1.06770599829659,0.552779721781412,1,0,0.294423368759453
88,11,35,1.38689528987218,1.89079839756881,1.47730291520998,2,0,0.13798155169934
88,12,35,3.5617557439113,3.96262086144392,3.88701760108873,1,1,0.308669509133324
88,13,35,0.915854114786791,1.46287083412197,1.12905128430635,2,0,0.0151601291727275
88,14,35,0.535295327778945,2.89421205175363,1.11286195633117,1,1,-0.45292079
88,15,35,3.55377514293504,3.87010893743572,3.83980659511195,2,1,-0.177077778
88,16,35,2.44890542598591,3.17119007171738,2.52677744892359,2,1,-0.050413088
88,17,35,0.798275848131111,0.988784818110391,0.903451180869139,2,1,0.298726013861597
88,18,35,1.96033680292996,3.20304612011153,2.32888564086043,1,0,0.339871319942176
88,19,35,1.10319268109762,1.86951374130333,1.21058261969365,1,0,0.382099439855665
88,20,35,0.162472798641162,1.61324703716473,0.498036170953123,1,0,-0.224331856
88,21,35,0.591089084723449,0.905182913390404,0.816492036349354,1,1,0.441210531862453
88,22,35,13.2093117458764,Inf,Inf,0,1,-0.466878988
88,23,35,0.632107141872353,0.701562409733838,0.678867236275951,2,0,0.0298486880492419
88,24,35,2.46933383975158,4.47801701728908,2.59073771119612,1,0,-0.238622704
88,25,35,0,1.78732141052608,0.829673229643766,1,0,-0.320276118
88,26,35,0.830867540303102,1.66111065976971,1.32601575129327,2,1,0.18996454612352
88,27,35,0.168393022907724,0.607914827804323,0.573497921233477,1,1,-0.339533355
88,28,35,3.13120623878587,4.38323246230042,4.01824002746761,2,1,0.489024061476812
88,29,35,0,0.676080482990897,0.282095850312945,2,0,-0.492362083
88,30,35,0,0.545989850889003,0.518144277141905,2,0,-0.235554905
88,31,35,0,0.953637351371393,0.729981746908647,2,0,0.279642121633515
88,32,35,2.5825247582399,2.83015323261514,2.61810854926316,1,0,-0.349920181
88,33,35,0.00266320665241513,2.65023497232308,0.391089651617311,1,1,0.0160547478590161
88,34,35,0,1.06220777047085,0.429538387809851,2,0,0.15433138050139
88,35,35,0.697443423538885,3.48825352410508,0.900466887010735,2,0,-0.105767948
89,1,7,0,0.797406861516547,0.0936350296435404,1,0,-0.066039209
89,2,7,0.0451029944233596,0.818548527652314,0.15979842491188,1,0,0.38540776912123
89,3,7,0.0501304550562054,0.214119106298313,0.154546787137905,1,0,-0.367815838
89,4,7,0,0.996776690664602,0.186018350538916,1,0,-0.233780159
89,5,7,0,1.98981564760882,0.270679902394343,1,0,0.351594624808058
89,6,7,0.249923470430076,0.486312078079209,0.332519275480688,1,0,0.240074050147086
89,7,7,0,0.430672908767584,0.290039840546653,2,0,-0.35785117
90,1,42,0,0.285804264713079,0.125934647186257,2,1,0.23538833274506
90,2,42,0.0908729750663042,0.39812932908535,0.238621041247276,2,1,-0.46859124
90,3,42,0,0.476689289136505,0.0742747470501429,2,0,-0.396179554
90,4,42,0.0923180454410613,0.764550166128695,0.147195447481502,2,0,0.463387156371027
90,5,42,0,0.199083351264372,0.115961959552317,1,1,0.316478784196079
90,6,42,0,0.382105966077602,0.0925094018682351,1,0,-0.024236604
90,7,42,0,0.732312019872379,0.627638976519041,2,0,0.409724357072264
90,8,42,0,0.489044014187975,0.140702988832831,2,1,0.400024483213201
90,9,42,0,1.21904826635711,0.0769786635121767,1,1,0.452482098015025
90,10,42,0,1.63288329160752,0.0714366288265495,1,0,-0.269983375
90,11,42,0,0.134036340311699,0.0519089320216032,1,0,-0.488771313
90,12,42,0.00918149786908103,0.184390216385014,0.111022319186091,1,0,0.330079707317054
90,13,42,0,0.366199753893747,0.0705068593868708,1,0,0.170523824635893
90,14,42,0,0.954157491172564,0.0559130820063138,1,1,0.0233283925335854
90,15,42,0,0.112817127723247,0.0789654076119089,1,1,-0.251037816
90,16,42,0,0.366584952899671,0.133526678432666,1,0,-0.099564847
90,17,42,0,0.498065361884728,0.1368359131784,2,0,-0.283479233
90,18,42,0,0.843384264472811,0.0875718872099894,1,0,-0.020875034
90,19,42,0.155401973286644,0.894209965886438,0.252768266939187,2,0,0.237418605713174
90,20,42,0,1.27472936821388,0.404169839987675,1,1,-0.411639252
90,21,42,0.419823241277041,2.65928163259391,0.576876188170335,2,0,0.0428683720529079
90,22,42,0,0.412547020686275,0.0924773217342686,1,0,0.224313334794715
90,23,42,0,0.406037853451138,0.142742713833387,2,1,-0.295844066
90,24,42,0,0.647978939094997,0.135407967234954,2,0,-0.430666072
90,25,42,0.0953105397609417,0.461176356567801,0.129199326971599,2,1,0.361071753548458
90,26,42,0,1.63808723655944,0.076716897937732,2,0,0.436123746680096
90,27,42,0,0.27787213448003,0.218737004679329,1,0,-0.340135211
90,28,42,0,1.95873124421316,0.197804294268861,2,0,0.18303875438869
90,29,42,0,0.354024900568134,0.0432604015422247,2,1,-0.258750294
90,30,42,0,0.142090549651364,0.11939633491105,2,1,-0.312987337
90,31,42,0,0.872609855565143,0.132883757325433,2,0,0.0980574034620076
90,32,42,0,0.277586173964664,0.235896106819982,1,1,-0.164940728
90,33,42,0.197248658287232,0.575184338826995,0.293450994716137,2,0,-0.158815568
90,34,42,0,0.317553762579337,0.10542877096186,2,0,-0.086319736
90,35,42,0,0.208002298139036,0.137817252959707,1,1,-0.187057766
90,36,42,0,0.15608024302107,0.068198069820913,1,0,0.278892721282318
90,37,42,0,0.565012649611986,0.290337731395984,2,0,-0.236790449
90,38,42,0,0.142125501561487,0.0875631610577762,1,0,-0.090122749
90,39,42,0,0.259489706717432,0.136975672358941,2,0,0.312573563773185
90,40,42,0,1.26518550974535,0.0965730939773893,1,1,-0.308195352
90,41,42,0,0.470456881893283,0.0889306198142145,1,0,0.458838677033782
90,42,42,0,0.359262889230108,0.0691062333353077,1,0,0.489382391562685
91,1,38,0,0.391873835099346,0.330832239449738,2,0,-0.165166077
91,2,38,0.241407812805846,0.625812107443294,0.311113145114358,1,1,-0.025427633
91,3,38,0,0.865050672237929,0.351558951195298,2,0,-0.02742058
91,4,38,0.142560655654662,1.01460738143713,0.182878683223207,1,0,0.385817502159625
91,5,38,0,0.511691529793355,0.293422035821357,2,0,-0.167436247
91,6,38,0.867001184374066,2.17589356765304,0.876442660712864,2,0,0.0951180104166269
91,7,38,0.228804239071906,0.852970294633365,0.336535178962854,1,1,0.289027979597449
91,8,38,0,1.35882024367558,0.173731611055839,2,0,-0.187005222
91,9,38,0.0263303010724485,0.217849738197401,0.195528459368985,1,1,0.176185870310292
91,10,38,0.232376046711579,0.946530337636259,0.8186670909666,2,0,-0.35237537
91,11,38,0.218571195146069,0.591073065276674,0.251190453751689,1,0,0.46345418645069
91,12,38,2.18519765094968,4.44512929937036,2.64191814751663,2,0,0.382320956327021
91,13,38,0,1.10994533349978,0.312464578779147,1,0,0.189740580739453
91,14,38,0,0.653762716313309,0.496302956110329,2,0,-0.222416959
91,15,38,0.010788535932079,0.430713656848728,0.386459618853199,1,1,0.26151629909873
91,16,38,0,0.476664470022029,0.288273292708734,1,1,-0.386020043
91,17,38,0.0818938415569656,0.336153609800414,0.169930879879161,2,1,0.305504033807665
91,18,38,0.465211388910107,0.865598307340662,0.638374286818661,1,1,0.110300454543903
91,19,38,0,0.647336269242174,0.161758315839046,2,0,0.428974945330992
91,20,38,0,0.337989734485745,0.333321247684052,1,0,-0.363696676
91,21,38,0.334168392082768,0.79191782931901,0.59722808866984,2,1,0.407480144873261
91,22,38,0,1.23632663575219,0.997769661492927,2,1,-0.114951024
91,23,38,0.199367497581989,1.22016209220038,1.0009689778537,2,1,0.0066018293146044
91,24,38,0.143936818931252,0.268040290800855,0.176850276753314,2,0,0.164417730644345
91,25,38,0.0508694000781997,0.566891090854256,0.230819412925931,1,1,-0.100361495
91,26,38,0.758207870040652,1.49961659526778,0.981595990145468,1,0,-0.462322837
91,27,38,0.0163997574358564,1.39593254439037,0.198779854537823,2,0,0.170603946549818
91,28,38,0,1.38561929290401,0.690102248099259,2,0,-0.29131182
91,29,38,0.151679026894271,0.314423464237406,0.240919709575858,1,0,0.0316534934099764
91,30,38,1.40139992156284,2.04094851707088,2.00117246633726,2,1,0.237227701582015
91,31,38,0,1.19793828291105,0.295515904482249,1,1,0.498064698651433
91,32,38,0,1.4665548763329,0.243652028418315,2,0,0.43269666028209
91,33,38,0.153140901911685,0.67507680019364,0.196827791958411,2,0,0.294913288671523
91,34,38,0.167694880316348,0.638004886612987,0.233896386089789,1,1,-0.326806461
91,35,38,13.4821152106202,Inf,Inf,0,0,-0.37266744
91,36,38,0.179690886754543,0.664875384156487,0.508371553303258,1,0,-0.279042765
91,37,38,0.118829429149628,0.364296653674375,0.150316930942507,1,1,0.307974657509476
91,38,38,0,0.185871970225039,0.135784544254392,1,1,-0.39220737
92,1,35,13.7145565402695,Inf,Inf,0,0,-0.31454304
92,2,35,12.5368804224554,Inf,Inf,0,0,-0.197971067
92,3,35,4.45894123272208,5.41895735942452,4.92394666760804,1,1,0.0358568634837866
92,4,35,2.66007279271567,5.96238754244551,4.6485023464761,2,1,0.467539369361475
92,5,35,13.2911912019949,Inf,Inf,0,1,-0.405805838
92,6,35,1.39338483990675,2.63400096735777,1.55433389763997,1,0,0.134219316300005
92,7,35,2.85709815796419,3.64725548520843,3.07221815258524,1,1,0.164325081976131
92,8,35,4.08489025160261,4.19452484517927,4.11768435595839,1,0,0.240272558759898
92,9,35,1.18814550333874,2.45927255474809,2.14649956167211,1,0,-0.365656323
92,10,35,13.5284031989925,Inf,Inf,0,1,-0.240548867
92,11,35,13.9817462837936,Inf,Inf,0,0,0.163084927713498
92,12,35,13.928891034094,Inf,Inf,0,1,-0.002669178
92,13,35,1.01593479939396,1.69244292056541,1.128512189,1,0,-0.111351183
92,14,35,13.909686006154,Inf,Inf,0,0,0.450783759588376
92,15,35,12.369975256195,Inf,Inf,0,1,-0.067403757
92,16,35,13.8293167774746,Inf,Inf,0,0,-0.298621987
92,17,35,0.267396099297549,1.04627659899346,0.87547912923784,1,0,0.38304501469247
92,18,35,13.8049333102533,Inf,Inf,0,1,-0.486411929
92,19,35,3.10091482998308,3.84801585466561,3.40399084470794,2,1,0.238858903059736
92,20,35,13.938529574231,Inf,Inf,0,0,-0.242736172
92,21,35,13.4280273321405,Inf,Inf,0,0,-0.335457963
92,22,35,0.156948847463354,1.82467719226385,1.70985534588485,1,1,0.0245335132349283
92,23,35,5.4566243655352,5.98953078939208,5.69016412171491,1,0,-0.034082407
92,24,35,2.24901801304376,2.86656415463603,2.28169797144351,1,1,-0.194749972
92,25,35,3.24467107042076,3.44522353767755,3.25957874315169,2,0,-0.125240549
92,26,35,1.54070873668635,2.7675948870505,2.22514053930906,2,1,-0.258002147
92,27,35,13.5863009534108,Inf,Inf,0,0,-0.347200991
92,28,35,2.10238830317723,3.11446013335574,2.97650578336246,2,0,-0.263462075
92,29,35,13.4915155428681,Inf,Inf,0,0,0.45908194500953
92,30,35,3.001752725,4.18573857213745,4.11491933313898,2,0,0.282307220855728
92,31,35,0.767137870637185,1.60614075458826,1.19856805865077,2,0,-0.020962082
92,32,35,1.87323623105953,2.17705413817497,2.07988742811867,1,0,-0.375933049
92,33,35,3.08050042099165,3.22787770290705,3.15593569774805,2,0,-0.360246265
92,34,35,12.720006296428,Inf,Inf,0,0,0.0943251503631473
92,35,35,12.4440869537482,Inf,Inf,0,1,0.275365974055603
93,1,43,0.762831557460162,1.55500045778875,0.888460473343226,2,0,-0.009645412
93,2,43,0.438341809321934,1.23806185445905,0.719124456229611,2,0,0.0772539048921317
93,3,43,1.17949949436511,2.29878095483315,1.19543302908876,2,1,-0.290119783
93,4,43,0,0.4774916697537,0.427010974050744,1,1,0.474930963246152
93,5,43,0.61585075315088,0.954581012250856,0.717398226806509,2,0,-0.271624115
93,6,43,0.760560147849132,1.14334977007933,1.07074750819783,2,1,0.463185891043395
93,7,43,13.5316991010683,Inf,Inf,0,1,0.053823605645448
93,8,43,1.97660439749996,2.67643536995647,2.26711864125155,2,0,-0.319756799
93,9,43,0.996276750329223,1.60415970914507,1.46543650786791,2,1,-0.011109546
93,10,43,0.583522853886193,0.859978345400667,0.757362637829918,2,0,0.452766753500327
93,11,43,0.486055915264514,0.938568409997556,0.747513891636634,1,0,0.0569165525957942
93,12,43,1.85736585304507,2.13847034786263,2.13417268200673,2,0,0.198739228071645
93,13,43,13.014913192843,Inf,Inf,0,0,-0.226764364
93,14,43,1.30871104163336,1.87223068569767,1.76351214276954,2,1,0.44737594993785
93,15,43,13.5541428060869,Inf,Inf,0,0,-0.444025734
93,16,43,13.8484122639271,Inf,Inf,0,1,0.355909111443907
93,17,43,0.555172275730825,0.913388485846619,0.649708522146074,2,1,-0.288254102
93,18,43,1.15935995914498,1.79586519364485,1.44919937590759,2,0,-0.380276324
93,19,43,0.869056800066453,1.44998789684885,0.871211452291402,1,1,0.240931704174727
93,20,43,0.827159437076089,0.966914551756245,0.952104258592403,2,0,-0.228400909
93,21,43,0.898994137867724,1.22336889487635,0.992881217815725,2,0,-0.082432577
93,22,43,1.37931658544952,1.56712668327057,1.42006818186499,1,1,-0.230540582
93,23,43,13.8781742863519,Inf,Inf,0,1,0.431587471626699
93,24,43,2.33807487355289,2.96496536476043,2.58274422569263,2,1,0.0192156573757529
93,25,43,0,0.407895513789213,0.279359339303505,1,0,0.344329732470214
93,26,43,1.55297956607285,2.39522815390318,1.73241157202628,2,0,-0.489078224
93,27,43,0.0378237774129957,0.584645241232178,0.482858726049303,1,0,-0.435140483
93,28,43,1.51905748102101,3.26796772193487,2.12043657186052,1,1,0.396768171805888
93,29,43,1.66030612418646,2.66889362049963,2.01017628891627,1,0,-0.093441366
93,30,43,1.40987313533394,1.59479210566921,1.56214488692523,1,0,0.239691261900589
93,31,43,0.306504247011617,0.490571561502293,0.418117516192694,2,1,0.496630271663889
93,32,43,0.277392980409786,1.3009578694635,0.760492711854095,2,0,0.215660463785753
93,33,43,0,0.599710219518697,0.57812688854255,1,0,-0.10977842
93,34,43,13.9654324775056,Inf,Inf,0,0,0.206797207240015
93,35,43,3.32371436631049,3.70701813661929,3.69193707538605,1,1,0.430297293234617
93,36,43,0.659839256645596,1.77169366917553,0.968854665146745,2,0,-0.368803312
93,37,43,0.14219975983724,1.84020587560701,1.34324631555454,1,0,-0.04275562
93,38,43,0.271848559095807,0.942167680405779,0.526010691160546,1,0,0.0294494749978185
93,39,43,1.23279040139624,1.64425477449069,1.24593305722628,2,0,0.189054583897814
93,40,43,0.611355706646862,0.946848971599537,0.9357157957734,1,0,0.211941491113976
93,41,43,2.25341435373295,2.54827037840616,2.39593847739151,1,1,0.281269619474187
93,42,43,0.921871266616739,2.83524548618398,2.03702379701113,1,1,-0.082055448
93,43,43,0.591045148879482,1.2798112707228,0.944490236653398,1,0,-0.256975254
94,1,40,13.2965853135487,Inf,Inf,0,0,-0.107241037
94,2,40,0.502591171915327,1.22291445602994,0.787420298640635,1,0,0.339559531072155
94,3,40,0.0855952024162863,1.31511448109565,0.576067773657436,1,0,-0.273369288
94,4,40,0.645065690667877,1.52018966549303,0.757159954547911,1,0,-0.381322465
94,5,40,0.196554072434083,0.917637304593709,0.351515488591611,1,1,-0.077048857
94,6,40,0.619581268147981,1.84104099302533,0.896850818400648,2,1,-0.324073869
94,7,40,0,0.606537909225977,0.234157095686974,1,1,-0.314155662
94,8,40,0.933977128296496,2.25870542995976,1.94077319803252,1,1,0.37407045206055
94,9,40,0,0.589523056966669,0.502489396909704,2,1,-0.217228183
94,10,40,0.0251773891504854,0.472710704642764,0.22535883488784,1,0,-0.092265748
94,11,40,0.179683889335169,0.816631623595585,0.273938294933891,1,1,-0.129578957
94,12,40,0.213243765290827,0.576469077707684,0.228622447096319,1,1,-0.171396142
94,13,40,0.113858185010031,0.90265114997038,0.405431331316087,2,1,0.479158611269668
94,14,40,0,0.780647087800217,0.249977802961664,2,0,0.0792360210325569
94,15,40,0.539558661149299,2.45613288529023,0.576044826669352,2,0,0.102522699860856
94,16,40,0.029733331175521,0.394893828193172,0.352965371464825,2,0,0.36964012356475
94,17,40,0,1.06253869359599,0.215783035254108,1,1,0.0313518370967358
94,18,40,0,1.76629233629185,0.425060243063539,2,0,0.0886641987599432
94,19,40,0,0.913370078117586,0.097137569559362,2,1,-0.178495378
94,20,40,12.7400614669341,Inf,Inf,0,0,-0.455587731
94,21,40,0.700211482334367,0.870834854410446,0.768171561052387,2,1,0.0141252246685326
94,22,40,0.281169454567134,1.06949841540376,0.629992213371295,2,0,-0.106441834
94,23,40,13.1362550352514,Inf,Inf,0,0,0.00188641669228673
94,24,40,0.0690399785526097,0.502874952165826,0.481356509836116,1,0,-0.06328629
94,25,40,13.8255427589862,Inf,Inf,0,1,-0.155395852
94,26,40,0,1.02339822142841,0.645392407033858,2,0,0.000630137510597706
94,27,40,0,0.92731133564831,0.208799081305074,2,0,-0.496592759
94,28,40,0.109619055641815,0.308818208053708,0.251109891990002,2,0,0.430159682873636
94,29,40,0.114282087190077,0.23859374364838,0.226840053001887,1,1,-0.176096087
94,30,40,1.20248531753415,1.81959154518301,1.64163575597374,2,0,0.300357629777864
94,31,40,0.858471742285085,1.47080508283441,0.873935515377358,2,0,0.233676490839571
94,32,40,0.183254565112293,0.422946581384167,0.236591564238943,2,0,-0.244605699
94,33,40,0.524632354034111,1.34726511473292,0.541368875706962,1,1,-0.018994506
94,34,40,0.157208554571334,0.783617229770193,0.264600285108544,2,0,-0.398533408
94,35,40,0,0.806934887501311,0.702348046473444,2,0,-0.208537577
94,36,40,0.0991533641608224,1.03933444364859,0.258063478890738,1,1,0.216549969511107
94,37,40,0,0.528098186476616,0.213109007807433,1,0,0.0180962353479117
94,38,40,0.0966010100673884,0.325219298385951,0.118393832798395,1,0,-0.1534155
94,39,40,0.531736328931801,0.668216850575335,0.667400601372275,2,0,0.354906449094415
94,40,40,0.287160710664466,0.680231285027644,0.318474590991718,1,0,0.0828567415010184
95,1,18,1.04722144802546,1.97724248905635,1.34029839478698,2,1,0.427977244369686
95,2,18,0,0.621540503555393,0.407608559982661,1,1,-0.323562324
95,3,18,0.76748342856527,0.905010059454894,0.768295285240612,2,0,-0.376414882
95,4,18,0,0.997350845443917,0.842659960611554,1,1,-0.078108259
95,5,18,0.964269594032374,3.262687693,1.09410726692108,2,0,-0.127989391
95,6,18,1.57750813671909,2.19672974718087,1.95174577710514,2,1,-0.444724112
95,7,18,13.9356304801104,Inf,Inf,0,0,-0.490871984
95,8,18,0,0.989027783232641,0.356797181158376,1,0,0.37947172136046
95,9,18,0.264151027658954,0.966373747365651,0.599977490858879,1,1,0.138992298627272
95,10,18,0,1.25494799663531,0.657008697716849,1,0,0.311991445021704
95,11,18,0.430304321291335,1.77240304625666,0.470134130061432,1,0,-0.197839151
95,12,18,0.642018507409832,1.35515737120955,1.23381960090417,2,1,-0.098661341
95,13,18,0,0.847987573551846,0.612739123389503,2,1,-0.126559616
95,14,18,0.284541986417025,0.709964761023826,0.562016703880175,2,0,-0.470911025
95,15,18,1.45717988898721,2.01134789444012,1.8003797208014,1,1,0.495967910625041
95,16,18,0.334982712985948,0.738114864310664,0.421882664001195,1,0,0.129564756294712
95,17,18,0.47042872297816,0.551000129784215,0.532847678917827,1,1,-0.468137402
95,18,18,0.941844959929357,1.40307541301213,1.2225053436431,1,0,-0.360513696
96,1,42,13.0396453795152,Inf,Inf,0,1,0.271754811517894
96,2,42,13.9399033423266,Inf,Inf,0,0,0.0270497521851212
96,3,42,13.5039458587462,Inf,Inf,0,0,-0.319210103
96,4,42,13.4985790833182,Inf,Inf,0,1,-0.258034019
96,5,42,13.7287510598674,Inf,Inf,0,0,0.363921247422695
96,6,42,13.8257815981104,Inf,Inf,0,1,0.455236873589456
96,7,42,13.9019170043238,Inf,Inf,0,0,-0.184908621
96,8,42,12.0950258219359,Inf,Inf,0,1,0.0233500506728888
96,9,42,12.9978649727223,Inf,Inf,0,0,-0.452553364
96,10,42,2.33184998677253,2.86185911001109,2.6466593950089,2,1,-0.305183846
96,11,42,2.55308786773426,3.29111063656224,3.22128928896089,2,1,0.129747439874336
96,12,42,13.7720591204638,Inf,Inf,0,1,0.241411689203233
96,13,42,13.6743217713582,Inf,Inf,0,0,0.0497021763585508
96,14,42,12.8456328794588,Inf,Inf,0,1,0.180790690006688
96,15,42,13.5194405102845,Inf,Inf,0,0,0.170081292279065
96,16,42,1.22571844602528,1.91015478496468,1.29514315468991,1,0,-0.308728
96,17,42,13.74656408,Inf,Inf,0,1,-0.441565007
96,18,42,1.6682502107721,2.17005852048495,1.97422776801343,2,0,0.26898292126134
96,19,42,13.4595365925677,Inf,Inf,0,1,0.0508667405229062
96,20,42,4.2405337135717,5.33399072626229,4.63784453096886,2,0,-0.130083436
96,21,42,13.7549850916924,Inf,Inf,0,1,0.330219552153721
96,22,42,11.9917629387466,Inf,Inf,0,0,0.470742585603148
96,23,42,13.7983455544062,Inf,Inf,0,0,0.217523718252778
96,24,42,2.15007660113404,3.19967427637849,2.70968106011706,1,0,-0.422203355
96,25,42,13.5663218047253,Inf,Inf,0,1,-0.287663581
96,26,42,13.6960516854332,Inf,Inf,0,1,0.095677200704813
96,27,42,3.35795464396437,4.32435380506745,3.76199680846906,2,1,0.12124764570035
96,28,42,0.265565937384963,2.94231673967291,2.57416616654237,1,1,-0.129285048
96,29,42,6.93828504883383,7.14354274330359,7.12977803303917,2,0,0.155451198574156
96,30,42,11.3724149093478,Inf,Inf,0,0,0.263740638038144
96,31,42,12.1336687927183,12.4719450015623,12.2368687853033,2,1,0.247728700516745
96,32,42,13.6780545309293,Inf,Inf,0,0,-0.463423253
96,33,42,13.6059971969888,Inf,Inf,0,0,0.313419931568205
96,34,42,12.6079499269536,Inf,Inf,0,0,0.278450036654249
96,35,42,13.8408485316625,Inf,Inf,0,0,-0.485701276
96,36,42,12.7741039115119,Inf,Inf,0,0,-0.158957058
96,37,42,3.89128726662837,5.56925626032735,5.02990209559268,2,0,0.0901555297896266
96,38,42,4.44294051954485,4.5792876036182,4.51607764248557,2,1,0.0077073653228581
96,39,42,3.25966751176161,4.28168650871827,4.02990679470519,2,0,-0.414819679
96,40,42,13.8815809753686,Inf,Inf,0,1,-0.082440779
96,41,42,13.8410630345946,Inf,Inf,0,0,-0.048586849
96,42,42,2.78131418700982,3.13124178373669,2.81318863704502,2,1,0.426956585608423
97,1,16,13.5411706562778,Inf,Inf,0,0,-0.378585705
97,2,16,13.0080785267295,Inf,Inf,0,1,-0.288973805
97,3,16,0.71550270214439,1.63227336335214,0.91369232272266,1,1,-0.028149203
97,4,16,13.9509587109935,Inf,Inf,0,0,0.243521795840934
97,5,16,0.230846805730835,1.05231825095126,0.577223772342459,1,1,-0.020419584
97,6,16,0.759648402207159,2.91378581950909,2.10190963120473,1,1,-0.383774361
97,7,16,13.832692657242,Inf,Inf,0,0,-0.219252951
97,8,16,1.89070417865016,2.58971443761561,2.0715212110243,1,0,0.117104600649327
97,9,16,0.203316818798814,1.20385406615381,0.98824094626701,1,1,-0.462449026
97,10,16,0.440893204396075,1.93700095767829,1.43792670052498,1,0,-0.398818608
97,11,16,0.0209543662162082,0.875374372146447,0.858131555828474,1,0,0.0535044383723289
97,12,16,1.67554407558384,1.96859059171731,1.88933747357793,1,1,-0.279181283
97,13,16,2.82380784678948,3.38652117132646,3.30390098647974,1,1,0.369870842900127
97,14,16,13.8308704791802,Inf,Inf,0,0,-0.019811737
97,15,16,1.30386171711445,1.74204427826961,1.5780358323417,1,1,-0.11906775
97,16,16,1.30929832436785,1.57563750799632,1.44313791446984,1,0,-0.096828943
98,1,46,3.58626440447655,4.07666821102454,4.00261050289586,2,0,0.150963835185394
98,2,46,4.64667919625468,4.86463041315606,4.66460642618804,1,1,0.303614704869688
98,3,46,2.06941977312555,3.38322269427574,2.53015074821323,1,1,-0.02183702
98,4,46,5.64820027344223,6.56173842255232,6.06727170999551,2,1,-0.219405572
98,5,46,3.87326561537751,5.53890396341527,4.64366375126716,2,0,-0.361396
98,6,46,2.58793157142329,3.25736336583707,3.11378368640793,2,0,-0.443656365
98,7,46,13.8935497726478,Inf,Inf,0,0,-0.12690395
98,8,46,13.6350345323479,Inf,Inf,0,1,0.194098731735721
98,9,46,13.9117826427144,Inf,Inf,0,0,0.128275974653661
98,10,46,13.8874282474171,Inf,Inf,0,0,-0.423688796
98,11,46,13.3984468650654,Inf,Inf,0,0,-0.408462376
98,12,46,13.2621725102033,Inf,Inf,0,0,0.33405010192655
98,13,46,13.9360319082972,Inf,Inf,0,1,0.343151033390313
98,14,46,13.858657977154,Inf,Inf,0,1,0.103191139642149
98,15,46,2.38608628268737,2.63517497609752,2.59638715392525,1,0,-0.359078102
98,16,46,1.82567241451533,2.41398201590928,1.88719560114937,2,0,-0.094413026
98,17,46,13.229783756833,Inf,Inf,0,1,-0.003999846
98,18,46,13.7891236911121,Inf,Inf,0,1,0.190375325502828
98,19,46,4.08048982923067,4.38587708030975,4.22075032658365,1,1,-0.495389106
98,20,46,13.890727491214,Inf,Inf,0,0,0.29015574674122
98,21,46,12.4429626119392,Inf,Inf,0,0,0.0698012297507375
98,22,46,13.976459024027,Inf,Inf,0,0,0.274976365966722
98,23,46,13.765762973404,Inf,Inf,0,0,-0.489849082
98,24,46,5.82929912918556,6.21938991694782,6.05643634459182,1,0,0.482280527474359
98,25,46,13.4177442327932,Inf,Inf,0,0,-0.04593534
98,26,46,13.5412399691224,Inf,Inf,0,0,0.436015679733828
98,27,46,13.8391484523474,Inf,Inf,0,0,0.272902240743861
98,28,46,13.8276483037133,Inf,Inf,0,0,0.412698122439906
98,29,46,13.8369708276279,Inf,Inf,0,0,-0.458479678
98,30,46,2.01598729442748,2.43062468073967,2.08386686176831,2,0,0.47500735707581
98,31,46,13.9784541083036,Inf,Inf,0,0,0.0460792055819184
98,32,46,13.6769067473598,Inf,Inf,0,0,0.0692069486249238
98,33,46,13.7961813398774,Inf,Inf,0,1,-0.049908848
98,34,46,12.9646261443187,Inf,Inf,0,0,-0.253743223
98,35,46,12.4514459373355,Inf,Inf,0,1,-0.090912071
98,36,46,13.7534952406742,Inf,Inf,0,1,0.247144639957696
98,37,46,2.26617289154279,2.83323453137833,2.29443108650517,1,0,-0.228425732
98,38,46,1.40130480177426,1.57288093873025,1.52780789896489,1,1,0.015722947428003
98,39,46,13.4206519246884,Inf,Inf,0,0,0.0406415967736393
98,40,46,1.94304172963578,2.79167124087438,2.20703191512553,2,0,-0.090211367
98,41,46,13.8229429064914,Inf,Inf,0,1,-0.236308095
98,42,46,3.21179646576175,3.45878374223949,3.39640834478879,1,0,-0.2427891
98,43,46,1.9312172852417,4.1849366540652,3.72289380141881,2,0,-0.228771878
98,44,46,13.8034448782514,Inf,Inf,0,0,0.481293199583888
98,45,46,2.58094459361826,3.08188064542791,2.84898533626554,1,0,0.465111607220024
98,46,46,8.3494422211316,9.48748070387436,8.85117214369101,2,0,-0.479602011
99,1,15,2.67323377068035,3.12741912564836,2.82504402514134,2,0,0.299665392376482
99,2,15,0,1.20449848373638,0.397775728381847,1,0,0.262193210422993
99,3,15,0.226979739008499,0.98929983209101,0.312128637393207,1,0,-0.154783977
99,4,15,12.7364051062678,Inf,Inf,0,0,0.0472219914663583
99,5,15,0,0.560152875624762,0.502554984547297,1,0,-0.292902255
99,6,15,1.66733014497306,2.41463944877354,1.77670466737831,2,0,-0.422556154
99,7,15,0.599589274942359,1.45176923338542,1.19556398429794,1,1,-0.454486907
99,8,15,0.27886897069402,0.746489228892556,0.346429121056311,2,0,-0.225475763
99,9,15,1.0638572201796,1.83764504524552,1.17572282759591,1,1,0.265219585737213
99,10,15,0.636477758281096,1.21607964680495,0.662781799565107,2,0,-0.435203268
99,11,15,0.465797438398927,0.793935390534803,0.509407662094216,2,0,-0.299315308
99,12,15,0.291881417197439,0.942449275261394,0.75313181410495,1,0,-0.409991656
99,13,15,0,0.742483394178462,0.687171785277401,2,0,-0.43036775
99,14,15,0,1.59453771254959,0.935697096608772,2,1,0.186844221083447
99,15,15,0,0.785333250607264,0.574884041950717,2,0,0.0325314735528082
100,1,41,0.460060270478475,1.05488544185733,0.934632495167072,2,0,-0.123345583
100,2,41,1.80356954266544,2.78139489554552,2.12514642475357,2,1,-0.261546062
100,3,41,0,0.640860608292228,0.461254694869368,2,0,0.459760302910581
100,4,41,0.169869244331494,1.68142912551741,0.538813074958249,1,1,-0.393346003
100,5,41,0.249363949988037,1.28599845194714,0.94819806539119,2,0,-0.438525648
100,6,41,0,0.626848699038333,0.534766943265516,2,1,-0.403134102
100,7,41,0,1.67339706412497,0.453417252602922,2,0,-0.028184588
100,8,41,0,0.30791761376895,0.284837397011732,2,0,-0.222084134
100,9,41,1.21523037360016,1.74515302424047,1.53061691451674,1,1,0.147605864098296
100,10,41,0.312051225919276,0.410344086587429,0.362100361403073,1,1,0.40400977153331
100,11,41,0,0.576506399062878,0.476940735313188,2,0,-0.267889315
100,12,41,1.28432295164549,1.59759924952396,1.49195063221001,2,1,0.269891986157745
100,13,41,0.157298979582265,1.41291510889525,0.383905984749087,1,0,-0.046110554
100,14,41,0,1.54396494097056,0.987048713783096,1,1,-0.095492578
100,15,41,0.772933903108251,2.66614807941217,1.81790636089937,1,1,-0.03633255
100,16,41,0,1.63680895409527,1.04565818940846,2,0,-0.492491286
100,17,41,1.32734900197287,2.34204814715108,1.38122142105308,1,1,0.357119026361033
100,18,41,0.70165009445273,1.68100033624316,0.893525687004455,1,0,-0.215358685
100,19,41,1.36567119595813,2.08896838349569,1.63848680054659,2,1,-0.423989453
100,20,41,0.407752786936836,0.866648780484903,0.577804247100187,2,0,0.24724740954116
100,21,41,0.599897517718413,1.65470292588731,0.79104128962553,1,0,-0.139784032
100,22,41,1.25674209665269,2.13563868227633,1.68205750844468,2,1,-0.224117423
100,23,41,1.22689316572019,1.58389315157289,1.44428793917749,1,1,-0.338134045
100,24,41,0,0.557511616890467,0.399538905924953,1,0,-0.126229835
100,25,41,1.32124330996244,1.83521026981008,1.55177900477175,1,0,-0.193210728
100,26,41,0.853764968053848,1.303013953,0.853859803660873,1,1,0.287081634160131
100,27,41,0.795298002480249,1.79927116330861,1.03037982813087,1,1,0.422706086654216
100,28,41,0.611642060335726,4.18491547114632,1.32898447006491,2,1,0.360256596002728
100,29,41,13.3877695546108,Inf,Inf,0,0,-0.342249829
100,30,41,0,1.06177733435417,0.781874460350522,2,1,-0.445120629
100,31,41,0.317364999093115,0.88352633405239,0.722926529757665,2,1,0.284671266097575
100,32,41,0,0.558424652998752,0.326622932274207,2,1,-0.36056645
100,33,41,0.854291646487495,1.33315257980013,0.875113978612506,2,0,0.287628661841154
100,34,41,0.0852216915227473,1.25128534569623,0.452589192104739,2,0,-0.077471637
100,35,41,0.490291698349124,0.810959036441004,0.54214896657788,2,0,-0.412787168
100,36,41,0.865653790235343,0.992713034087615,0.95483401437219,2,0,-0.288891742
100,37,41,6.41112480011899,6.54956609222237,6.41372224434851,2,1,0.433142752852291
100,38,41,0.679326113758093,1.34181928257914,0.800108871739078,1,0,0.31271036574617
100,39,41,0.391740213747049,0.814357607737512,0.648312311171132,2,0,-0.377789683
100,40,41,0,0.775359364124313,0.39190746359721,2,0,-0.163241786
100,41,41,2.84958060146102,4.55790713108848,3.21697406936737,2,0,0.244305608095601
